"Time","03cfac713ddb","05d4edb11ccc","05e2dc4bab48","12fe0edb1a22","142e2512faa4","15a356ee90d0","163e8d73fac5","166622bd256d","187ae6236163","1979919fbf0f","2031a9936382","22e7a6017802","28044ba4a7ad","30b396f84a51","313b8f5d58f6","3bfa9412b3ac","3d1d30a896da","3f2ea48c60e7","44f61de09fce","452cf0ed41fe","45e6d34f3c90","4da229ff9647","50242d33e417","507aa07cb3f4","534f7ede4add","6024efb8fa75","64028b5fe4a9","6fd3deb2ffa9","750c1c44fa91","79f51af621c3","7e1362b171c6","7e650620618f","a54271c49348","ac0c887de21e","ad93e254a539","b049c32b2cc4","b1d55b931020","b63b699c8207","bec16363de34","c0dfc0337d50","cb8816b39dc5","cbacbdd4ead4","d665d2bb7bd6","dd3871aa1c44","e25b10447cf0","e623c5f5dc60","e6f7c1e58817","e8ca08072d74","f86b4d7f6332","fb4d19ff5398"
1592770924500,,,,,,,,,,,,,,,,,,,,,,,,,,,,,,,,,,,,,,,,,,,,,,,,,,
1592770925000,,,,,,,,,,,,,,,,,,,,,,,,,,,,,,,,,,,,,,,,,,,,,,,,,,
1592770925500,,,,,,,,,,,,,,,,,,,,,,,,,,,,,,,,,,,,,,,,,,,,,,,,,,
1592770926000,,,,,,,,,,,,,,,,,,,,,,,,,,,,,,,,,,,,,,,,,,,,,,,,,,
1592770926500,,,,,,,,,,,,,,,,,,,,,,,,,,,,,,,,,,,,,,,,,,,,,,,,,,
1592770927000,,,,,,,,,,,,,,,,,,1978528,,,,,,,,,,,,,,1978528,,1979168,,,,,,,,,,,,,,,,
1592770927500,,,,,,,,,,,,,,,,,,,,,,,,,,,,,,,,,,,,,,,,,,,,,,,,,,
1592770928000,,1980544,,,,,,,,,,,,,,,,,,,,,,,,,,,,,,,,,,,,,,,,,,,,,,1979168,,
1592770928500,,,,,,,,,,,,,,,,,,,,,,,,,,,,,,,,,,,,,,,,,,,,,,,,,,
1592770929000,,,,,,,,,,,,,,,,,,,,,,,,,,,,,,,,,,,,,,,,,,,,,,,,,,
1592770929500,,,,,,,,,,,,,,,,,,,,,,,,,,,,,,,,,,,,,,,,,,,,,,,,,,
1592770930000,,,,,,,,,,,,,,,,,,,,,,,,,,,,,,,,,,,,,,,,,,,,,,,,,,
1592770930500,,,,,,,,,,,,,,,,,,,,,,,,,,,,,,,,,,,,,,,,,,,,,,,,,,
1592770931000,,,,,,,,,1979168,,,,,,,,,,,,,,,,,,1979168,,,,,,,,,,,,,,1978528,,,,1978528,,,,,
1592770931500,,,,,,,,,,,,,,,,,,,,,,,,,,,,,,,,,,,,,,,,,,,,,,,,,,
1592770932000,,,,,,,1978528,,,,1979168,,,,,1979168,1979168,1995744,,,,,,,,,,,,,,1995744,,1997024,,,,1979168,,,,,,,,,,,,
1592770932500,,,,,,,,,,,,,,,,,,,,,,,,,,,,,,,,,,,,,,,,,,,,,,,,,,
1592770933000,1978528,1999808,,,,,,,,,,,,,,,,,1979168,,,,1978528,,,1979168,,,1978528,,1979168,,,,1979168,1978528,,,1979168,,,,1979168,1979168,,,,,,
1592770933500,,,,,,,,,,,,,,,,,,,,,,,,,,,,,,,,,,,,,,,,,,,,,,,,,,
1592770934000,,,1979168,1978528,1979168,,,,,1979168,,1979168,1979168,1979168,1979168,,,,,1978528,1979168,1979168,,,1979168,,,1979168,,1978528,,,1979168,,,,1978528,,,,,1978528,,,,,1978528,1997024,1979168,1979168
1592770934500,,,,,,,,,,,,,,,,,,,,,,,,,,,,,,,,,,,,,,,,,,,,,,,,,,
1592770935000,,,,,,,,,,,,,,,,,,,,,,,,,,,,,,,,,,,,,,,,,,,,,,,,,,
1592770935500,,,,,,,,,,,,,,,,,,,,,,,,,,,,,,,,,,,,,,,,,,,,,,,,,,
1592770936000,,,,,,,,,1997248,,,,,,,,,,,,,,,,,,1997024,,,,,,,,,,,,,,1995584,,,,1997024,,,,,
1592770936500,,,,,,,,,,,,,,,,,,,,,,,,,,,,,,,,,,,,,,,,,,,,,,,,,,
1592770937000,,,,,,,1996800,,,,1997024,,,,,1998304,1998304,1986784,,,,,,,,,,,,,,1986560,,1988288,,,,1999360,,,,,,,,,,,,
1592770937500,,,,,,,,,,,,,,,,,,,,,,,,,,,,,,,,,,,,,,,,,,,,,,,,,,
1592770938000,1997440,1995104,,,,,,,,,,,,,,,,,1998304,,,,,,,1997664,,,1998944,,1997664,,,,1998304,1998304,,,1997248,,,,,,,,,,,
1592770938500,,,,,,,,,,,,,,,,,,,,,,,,,,,,,,,,,,,,,,,,,,,,,,,,,,
1592770939000,,,1998304,1997440,1996800,,,,,1997024,,1998144,1998304,1998304,1998304,,,,,1998080,1998144,1997440,1997024,,1998304,,,1997440,,1997504,,,1997024,,,,1997024,,,,,1998144,1997664,1997728,,,1997024,1988768,1998304,1997024
1592770939500,,,,,,,,,,,,,,,,,,,,,,,,,,,,,,,,,,,,,,,,,,,,,,,,,,
1592770940000,,,,,,,,,,,,,,,,,,,,,,,,,,,,,,,,,,,,,,,,,,,,,,,,,,
1592770940500,,,,,,,,,,,,,,,,,,,,,,,,,,,,,,,,,,,,,,,,,,,,,,,,,,
1592770941000,,,,,,,,,1988288,,,,,,,,,,,,,,,,,,,,,,,,,,,,,,,1707392,1989568,,,,1990624,,,,,
1592770941500,,,,,,,,,,,,,,,,,,,,,,,,,,,,,,,,,,,,,,,,,,,,,,,,,,
1592770942000,,,,,,,1990848,1706752,,,,,,,,1990848,1990688,,,,,,,,,,1990624,,,,,1979040,,,,,,1990848,,,,,,,,,,,,
1592770942500,,,,,,,,,,,,,,,,,,,,,,,,,,,,,,,,,,,,,,,,,,,,,,,,,,
1592770943000,1989568,,,,,,,,,,1989568,,,,,,,1977760,1990208,,,,,,,,,,1989568,,1988288,,,1980544,1990208,1989568,,,1989568,,,,,,,,,,,
1592770943500,,,,,,,,,,,,,,,,,,,,,,,,,,,,,,,,,,,,,,,,,,,,,,,,,,
1592770944000,,1990784,,1990848,1989344,,,,,1990208,,1990848,1990688,1990848,1990848,,,,,1988928,1990848,1990848,1988704,,1989344,1989568,,1988704,,1988928,,,,,,,1990048,,,,,1990624,1990848,1989568,,1706752,1990208,1979264,1988288,1990688
1592770944500,,,,,,,,,,,,,,,,,,,,,,,,,,,,,,,,,,,,,,,,,,,,,,,,,,
1592770945000,,,1991488,,,,,,,,,,,,,,,,,,,,,,,,,,,,,,1990848,,,,,,,,,,,,,,,,,
1592770945500,,,,,,,,,,,,,,,,,,,,,,,,,,,,,,,,,,,,,,,,,,,,,,,,,,
1592770946000,,,,,,,,,1979264,,,,,,,,,,,,,,,,,,,,,,,,,,,,,,,1995968,1980544,,,,,,,,,
1592770946500,,,,,,,,,,,,,,,,,,,,,,,,,,,,,,,,,,,,,,,,,,,,,,,,,,
1592770947000,,,,,,,1980544,1997888,,,,,,,,,,,,,,,,,,,1980544,,,,,1971616,,,,,,1983104,,,,,,,1980544,,,,,
1592770947500,,,,,,,,,,,,,,,,,,,,,,,,,,,,,,,,,,,,,,,,,,,,,,,,,,
1592770948000,1981824,,,,,,,,,,1981184,,,,,1981824,1981184,1971136,1981824,,,,,,,,,,,,1979264,,,1972640,1981824,1982464,,,1981824,,,,,,,,,,,
1592770948500,,,,,,,,,,,,,,,,,,,,,,,,,,,,,,,,,,,,,,,,,,,,,,,,,,
1592770949000,,1987360,,1980544,1979904,,,,,,,1980544,1980544,,1980544,,,,,1980544,1981824,1980544,1979904,,,1980544,,1979264,1980544,1978624,,,,,,,1978624,,,,,1979904,1981824,1981184,,1998528,1979264,1971360,1980544,1981184
1592770949500,,,,,,,,,,,,,,,,,,,,,,,,,,,,,,,,,,,,,,,,,,,,,,,,,,
1592770950000,,,1982464,,,1391424,,,,1980544,,,,1980544,,,,,,,,,,,1980544,,,,,,,,1980544,,,,,,,,,,,,,,,,,
1592770950500,,,,,,,,,,,,,,,,,,,,,,,,,,,,,,,,,,,,,,,,,,,,,,,,,,
1592770951000,,,,,,,,,1971136,,,,,,,,,,,,,,,,,,,,,,,,,,,,,,,1987200,1972640,,,,,,,,,
1592770951500,,,,,,,,,,,,,,,,,,,,,,,,,,,,,,,,,,,,,,,,,,,,,,,,,,
1592770952000,,,,,,,1975200,1990560,,,,,,,,,,,,,,,,1446368,,,1973920,,,,,1966016,,,,,,,,,,,,,1972640,,,,,
1592770952500,,,,,,,,,,,,,,,,,,,,,,,,,,,,,,,,,,,,,,,,,,,,,,,,,,
1592770953000,1973920,,,,,,,,,,1974400,,,,,1975200,1974560,1963456,1975200,,,,,,,,,,,,1972640,,,1964800,1973920,1975200,,1976480,,,,,,,,,,,,
1592770953500,,,,,,,,,,,,,,,,,,,,,,,,,,,,,,,,,,,,,,,,,,,,,,,,,,
1592770954000,,1982656,,1973920,1972000,,,,,,,,1971936,,1972640,,,,,1972640,,1972640,1972640,,,1973920,,1971360,1973920,1969376,,,,,,,1971360,,1973920,,,1972480,1973920,1973920,,1989920,,1963680,1973920,
1592770954500,,,,,,,,,,,,,,,,,,,,,,,,,,,,,,,,,,,,,,,,,,,,,,,,,,
1592770955000,,,1975200,,,1997408,,,,1973920,,1973920,,1973920,,,,,,,1974560,,,,1973920,,,,,,,,1973920,,,,,,,,,,,,,,1972864,,,1973920
1592770955500,,,,,,,,,,,,,,,,,,,,,,,,,,,,,,,,,,,,,,,,,,,,,,,,,,
1592770956000,,,,,,,,,1964320,,,,,,,,,,,,,,,,,,,,,,,,,,,,,,,,,,,,,,,,,
1592770956500,,,,,,,,,,,,,,,,,,,,,,,,,,,,,,,,,,,,,,,,,,,,,,,,,,
1592770957000,,,,,,,,1983520,,,,,,,,,,,,,,,,1997184,,,1963680,,,,,1953664,,,,,,,,1979680,1964960,,,,1966240,,,,,
1592770957500,,,,,,,,,,,,,,,,,,,,,,,,,,,,,,,,,,,,,,,,,,,,,,,,,,
1592770958000,1967360,,,,,,1966240,,,,1967296,,,,,1967520,1966656,1953408,1968800,,,,,,,,,,,,,,,,1966240,1966240,,1968800,,,,,,,,,,,,
1592770958500,,,,,,,,,,,,,,,,,,,,,,,,,,,,,,,,,,,,,,,,,,,,,,,,,,
1592770959000,,1978112,,1966080,1966016,,,,,,,,,,1966240,,,,,1966240,,,1965600,,,1966016,,1965600,1966240,1963680,1967520,,,,,,1963680,,1966880,,,1967296,1966656,1966656,,,,1955488,1967360,
1592770959500,,,,,,,,,,,,,,,,,,,,,,,,,,,,,,,,,,,,,,,,,,,,,,,,,,
1592770960000,,,1967360,,,1989728,,,,1967296,,1966880,1965376,1967520,,,,,,,1967296,1966240,,,1966720,,,,,,,,1967520,,,,,,,,,,,,,1980256,1966880,,,1967296
1592770960500,,,,,,,,,,,,,,,,,,,,,,,,,,,,,,,,,,,,,,,,,,,,,,,,,,
1592770961000,,,,,,,,,,,,,,,,,,,,,,,,,,,,,,,,,,,,,,,,,,,,,,,,,,
1592770961500,,,,,,,,,,,,,,,,,,,,,,,,,,,,,,,,,,,,,,,,,,,,,,,,,,
1592770962000,,,,,,,,,1952352,,,,,,,,,,,,,,,1989728,,,1954656,,,,,1946848,,,,,,,,1971360,1956896,,,,1957056,,,,,
1592770962500,,,,,,,,,,,,,,,,,,,,,,,,,,,,,,,,,,,,,,,,,,,,,,,,,,
1592770963000,1957280,,,,,,1958560,1973920,,,1958400,,,,,1959840,,1947072,1959840,,,,,,,,,,,,,,,,1959200,1959840,,1962240,,,,,,,,,,,,
1592770963500,,,,,,,,,,,,,,,,,,,,,,,,,,,,,,,,,,,,,,,,,,,,,,,,,,
1592770964000,,2007424,,1956640,,,,,,,,,,,,,,,,1955936,,,1955200,,,1955360,,,1957280,,1956000,,,,,,,,1956480,,,,1956640,1955936,,,,1946432,1957280,
1592770964500,,,,,,,,,,,,,,,,,,,,,,,,,,,,,,,,,,,,,,,,,,,,,,,,,,
1592770965000,,,1959840,,1955296,1980480,,,,1958560,,1958336,1956000,1959840,1956000,,,,,,1958976,1957120,,,1958400,,,1955840,,1953440,,,1959200,1979648,,,1954272,,,,,1958560,,,,1973920,1957280,,,1958560
1592770965500,,,,,,,,,,,,,,,,,,,,,,,,,,,,,,,,,,,,,,,,,,,,,,,,,,
1592770966000,,,,,,,,,,,,,,,,,,,,,,,,,,,,,,,,,,,,,,,,,,,,,,,,,,
1592770966500,,,,,,,,,,,,,,,,,,,,,,,,,,,,,,,,,,,,,,,,,,,,,,,,,,
1592770967000,,,,,,,,,1946432,,,,,,,,,,,,,,,1978784,,,1946656,,,,,,,,,,,,,1962400,1950272,,,,1949152,,,,,
1592770967500,,,,,,,,,,,,,,,,,,,,,,,,,,,,,,,,,,,,,,,,,,,,,,,,,,
1592770968000,1949856,,,,,,,1964800,,,1949376,,,,,1949216,,2001856,,,,,,,,,,,,,,1998016,,,1949376,1950496,,1953216,,,,,,,,,,,,
1592770968500,,,,,,,,,,,,,,,,,,,,,,,,,,,,,,,,,,,,,,,,,,,,,,,,,,
1592770969000,,2002720,,,,,,,,,,,,,,,,,,1947712,,,1945568,,,1948096,,,1947872,,1946432,,,,,,,,,,,,1949376,1948096,,,,,1950016,
1592770969500,,,,,,,,,,,,,,,,,,,,,,,,,,,,,,,,,,,,,,,,,,,,,,,,,,
1592770970000,,,1949952,1948096,1948096,1974752,1979648,,,1950592,,,1948672,1951136,1947872,,1979648,,,,1949728,1948736,,,1949312,,,1948992,,1944032,,,1951936,1976032,,,1944672,,,,,1949376,,,,1966016,1949600,2002720,,1950656
1592770970500,,,,,,,,,,,,,,,,,,,,,,,,,,,,,,,,,,,,,,,,,,,,,,,,,,
1592770971000,,,,,,,,,,,,,,,,,,,1979648,,,,,,,,,,,,,,,,,,,,1979008,,,,,,,,,,,
1592770971500,,,,,,,,,,,,,,,,,,,,,,,,,,,,,,,,,,,,,,,,,,,,,,,,,,
1592770972000,,,,,,,,,2002080,,,1979648,,,,,,,,,,,,,,,2002080,,,,,,,,,,,,,1952160,2004000,,,,2004640,,,,,
1592770972500,,,,,,,,,,,,,,,,,,,,,,,,,,,,,,,,,,,,,,,,,,,,,,,,,,
1592770973000,,,,,,,,1957920,,,2004640,,,,,2004640,,1994176,,,,,,1970912,,,,,,,,1990272,,,2005920,2005920,,2006496,,,,,,,,,,,,
1592770973500,,,,,,,,,,,,,,,,,,,,,,,,,,,,,,,,,,,,,,,,,,,,,,,,,,
1592770974000,2004640,1998880,,,,,,,,,,,,,,,,,,,,,2002720,,,2003360,,,2004000,,2003360,,,,,,,,,,,,2004640,2004640,,,,,,
1592770974500,,,,,,,,,,,,,,,,,,,,,,,,,,,,,,,,,,,,,,,,,,,,,,,,,,
1592770975000,,,2007424,2004640,2002080,,2007360,,,2004640,,,2002080,2004640,2003360,,2005472,,,2002080,2005920,2003360,,,2004640,,,2002080,,2000800,,,2004640,2003136,,,1999520,,,,,2003360,,,,1957216,2003584,1995680,2004640,2003360
1592770975500,,,,,,,,,,,,,,,,,,,,,,,,,,,,,,,,,,,,,,,,,,,,,,,,,,
1592770976000,,,,,,1963872,,,,,,,,,,,,,1976032,,,,,,,,,,,,,,,,,,,,1974752,,,,,,,,,,,
1592770976500,,,,,,,,,,,,,,,,,,,,,,,,,,,,,,,,,,,,,,,,,,,,,,,,,,
1592770977000,,,,,,,,,1993056,,,1977312,,,,,,,,,,,,,,,,,,,,,,,,,,,,2003488,1994336,,,,1995680,,,,,
1592770977500,,,,,,,,,,,,,,,,,,,,,,,,,,,,,,,,,,,,,,,,,,,,,,,,,,
1592770978000,,,,,,,,1939840,,,,,,,,1997600,,,,,,,,1964512,,,1991840,,,,,1983936,,,,,,1996960,,,,,,,,,,,,
1592770978500,,,,,,,,,,,,,,,,,,,,,,,,,,,,,,,,,,,,,,,,,,,,,,,,,,
1592770979000,1996960,,,,,,,,,,1996256,,,,,,,1985216,,,,,,,,,,,1994976,,1994400,,,,1994464,1996448,,,,,,,,,,,,,,
1592770979500,,,,,,,,,,,,,,,,,,,,,,,,,,,,,,,,,,,,,,,,,,,,,,,,,,
1592770980000,,1994816,1996288,1995808,1993952,,2002496,,,1996960,,,1995456,1994976,1994400,,2001856,,,1995680,1996960,1993888,1993472,,1995456,1995680,,1992896,,1991840,,,1995616,,,,1991840,,,,,1994400,1996096,1996576,,1937152,1995680,1988000,1996960,1994016
1592770980500,,,,,,,,,,,,,,,,,,,,,,,,,,,,,,,,,,,,,,,,,,,,,,,,,,
1592770981000,,,,,,1954976,,,,,,,,,,,,,2004416,,,,,,,,,,,,,,,1999072,,,,,1982400,,,,,,,,,,,
1592770981500,,,,,,,,,,,,,,,,,,,,,,,,,,,,,,,,,,,,,,,,,,,,,,,,,,
1592770982000,,,,,,,,,1993408,,,2004000,,,,,,,,,,,,,,,,,,,,,,,,,,,,1991360,1991264,,,,1967680,,,,,
1592770982500,,,,,,,,,,,,,,,,,,,,,,,,,,,,,,,,,,,,,,,,,,,,,,,,,,
1592770983000,,,,,,,,2000192,,,,,,,,,,,,,,,,1954336,,,1959648,,,,,1947360,,,,,,1980320,,,,,,,,,,,,
1592770983500,,,,,,,,,,,,,,,,,,,,,,,,,,,,,,,,,,,,,,,,,,,,,,,,,,
1592770984000,1967104,,,,,,,,,,1968480,,,,,1971104,,1954784,,,,,,,,,,,1969152,,1986144,,,,1970560,1970144,,,,,,,,,,,,,,
1592770984500,,,,,,,,,,,,,,,,,,,,,,,,,,,,,,,,,,,,,,,,,,,,,,,,,,
1592770985000,,1966112,,1970368,1966592,,1995040,,,,,,1987360,,1968448,,,,,1966528,1989280,1987840,1967392,,,1966816,,1964672,,1962560,,,,,,,1962688,,,,,1988000,1966752,1969696,,2004832,1986720,1956928,1970144,
1592770985500,,,,,,,,,,,,,,,,,,,,,,,,,,,,,,,,,,,,,,,,,,,,,,,,,,
1592770986000,,,1989120,,,1931840,,,,1988640,,,,1988000,,,1980128,,1984320,,,,,,1987776,,,,,,,,1989280,1975296,,,,,1984192,,,,,,,,,,,1986720
1592770986500,,,,,,,,,,,,,,,,,,,,,,,,,,,,,,,,,,,,,,,,,,,,,,,,,,
1592770987000,,,,,,,,,1979904,,,1999936,,,,,,,,,,,,,,,,,,,,,,,,,,,,1977856,1976480,,,,,,,,,
1592770987500,,,,,,,,,,,,,,,,,,,,,,,,,,,,,,,,,,,,,,,,,,,,,,,,,,
1592770988000,,,,,,,,1983040,,,,,,,,,,,,,,,,1945312,,,1946144,,,,,1989728,,,,,,,,,,,,,1950976,,,,,
1592770988500,,,,,,,,,,,,,,,,,,,,,,,,,,,,,,,,,,,,,,,,,,,,,,,,,,
1592770989000,1956224,,,,,,,,,,1954944,,,,,1956320,,1939392,,,,,,,,,,,,,1970080,,,,1956416,1955360,,1964256,,,,,,,,,,,,
1592770989500,,,,,,,,,,,,,,,,,,,,,,,,,,,,,,,,,,,,,,,,,,,,,,,,,,
1592770990000,,1957760,,1954944,1989568,,1986656,,,,,,1979040,,1993344,,,,,1953024,1981600,1979040,1952608,,,1952672,,1987008,1955008,1987456,,,,,,,1989504,,,,,1979520,1952384,1956192,,1995648,1980096,1942592,1956000,
1592770990500,,,,,,,,,,,,,,,,,,,,,,,,,,,,,,,,,,,,,,,,,,,,,,,,,,
1592770991000,,,1981600,,,1988992,,,,1980160,,,,1978816,,,1971616,,1974592,,,,,,1980320,,,,,,,,1981376,1964960,,,,,,,,,,,,,,,,1979040
1592770991500,,,,,,,,,,,,,,,,,,,,,,,,,,,,,,,,,,,,,,,,,,,,,,,,,,
1592770992000,,,,,,,,,1966912,,,1996736,,,,,,,,,,,,,,,,,,,,,,,,,,,1975232,,,,,,,,,,,
1592770992500,,,,,,,,,,,,,,,,,,,,,,,,,,,,,,,,,,,,,,,,,,,,,,,,,,
1592770993000,,,,,,,,1969824,,,,,,,,,,,,,,,,2002176,,,1931872,,,,,1975008,,,,,,,,1964640,1964352,,,,1937760,,,,,
1592770993500,,,,,,,,,,,,,,,,,,,,,,,,,,,,,,,,,,,,,,,,,,,,,,,,,,
1592770994000,1941952,,,,,,,,,,1942368,,,,,1943968,,1926592,,,,,,,,,,,,,,,,,1942592,1943232,,1951040,,,,,,,,,,,,
1592770994500,,,,,,,,,,,,,,,,,,,,,,,,,,,,,,,,,,,,,,,,,,,,,,,,,,
1592770995000,,1948864,,1995072,1974240,,,,,,,,1971360,,1980352,,,,,1940032,,1972416,1938976,,,1938400,,1972960,1942240,1972960,1958592,,,,,,1975872,,,,,1971200,1939168,1943232,,1988608,1971360,1989952,1942592,
1592770995500,,,,,,,,,,,,,,,,,,,,,,,,,,,,,,,,,,,,,,,,,,,,,,,,,,
1592770996000,,,1973280,,,2002208,1977312,,,1972640,,,,1970016,,,1961920,,1993824,,1972480,,,,1971840,,,,,,,,1973696,1957184,,,,,,,,,,,,,,,,1971360
1592770996500,,,,,,,,,,,,,,,,,,,,,,,,,,,,,,,,,,,,,,,,,,,,,,,,,,
1592770997000,,,,,,,,,,,,1992736,,,,,,,,,,,,,,,,,,,,,,,,,,,1966080,,,,,,,,,,,
1592770997500,,,,,,,,,,,,,,,,,,,,,,,,,,,,,,,,,,,,,,,,,,,,,,,,,,
1592770998000,,,,,,,,,1953472,,,,,,,,,,,,,,,1995264,,,1989344,,,,,,,,,,,,,1951200,1950272,,,,1925600,,,,,
1592770998500,,,,,,,,,,,,,,,,,,,,,,,,,,,,,,,,,,,,,,,,,,,,,,,,,,
1592770999000,1991872,,,,,,,1956256,,,1927008,,,,,1929184,,,,,,,,,,,,,,,,1935648,,,1930432,2002048,,1938880,,,,,,,,,,,,
1592770999500,,,,,,,,,,,,,,,,,,,,,,,,,,,,,,,,,,,,,,,,,,,,,,,,,,
1592771000000,,1969504,,1982272,,,,,,,,,1963904,,1966912,,,,,1988672,,,1996160,,,1926240,,,1928160,,1942592,,,,,,,,,,,,1993568,2001504,,1980736,,1943424,1991872,
1592771000500,,,,,,,,,,,,,,,,,,,,,,,,,,,,,,,,,,,,,,,,,,,,,,,,,,
1592771001000,,,1965184,,1961440,1977568,1968192,,,1964544,,,,1963264,,,1953536,1970720,1986144,,1964704,1964000,,,1963904,,,1959520,,1960800,,,1965344,1972416,,,1961792,,,,,1961920,,,,,1963264,,,1962144
1592771001500,,,,,,,,,,,,,,,,,,,,,,,,,,,,,,,,,,,,,,,,,,,,,,,,,,
1592771002000,,,,,,,,,,,,,,,,,,,,,,,,,,,,,,,,,,,,,,,1957824,,,,,,,,,,,
1592771002500,,,,,,,,,,,,,,,,,,,,,,,,,,,,,,,,,,,,,,,,,,,,,,,,,,
1592771003000,,,,,,,,,1904128,,,1988416,,,,,,,,,,,,1966144,,,1996768,,,,,,,,,,,,,1929600,1909728,,,,1901856,,,,,
1592771003500,,,,,,,,,,,,,,,,,,,,,,,,,,,,,,,,,,,,,,,,,,,,,,,,,,
1592771004000,,,,,,,,1929984,,,1939808,,,,,1909728,,,,,,,,,,,,,,,,1986880,,,1942304,1910624,,1910400,,,,,,,,,,,,
1592771004500,,,,,,,,,,,,,,,,,,,,,,,,,,,,,,,,,,,,,,,,,,,,,,,,,,
1592771005000,,1996768,,1908992,,,,,,,,,,,,,,,,1909472,,,1905632,,,1939680,,,1910976,,1907808,,,,,,,,,,,,1908608,1912448,,,,,1942496,
1592771005500,,,,,,,,,,,,,,,,,,,,,,,,,,,,,,,,,,,,,,,,,,,,,,,,,,
1592771006000,1972384,,1957024,,1939904,1963136,1973408,,,1957024,,,1956160,1955744,1910272,,1939168,2001792,,,1957024,1954400,,,1956384,,,,,1936192,,,1958304,1966848,,,1902208,,,,,1955744,,,,1973504,1955104,1999072,,1954464
1592771006500,,,,,,,,,,,,,,,,,,,,,,,,,,,,,,,,,,,,,,,,,,,,,,,,,,
1592771007000,,,,,,,,,,,,,,,,,,,1973056,,,,,,,,,,,,,,,,,,,,1940256,,,,,,,,,,,
1592771007500,,,,,,,,,,,,,,,,,,,,,,,,,,,,,,,,,,,,,,,,,,,,,,,,,,
1592771008000,,,,,,,,,1988672,,,1984992,,,,,,,,,,,,1976448,,,,1969536,,,,,,,,,,,,1938400,1995648,,,,1989312,,,,,
1592771008500,,,,,,,,,,,,,,,,,,,,,,,,,,,,,,,,,,,,,,,,,,,,,,,,,,
1592771009000,,,,,,,,1913344,,,1992640,,,,,1989728,,,,,,,,,,,1986720,,,,,1942368,,,1996640,1992672,,1987840,,,,,,,,,,,,
1592771009500,,,,,,,,,,,,,,,,,,,,,,,,,,,,,,,,,,,,,,,,,,,,,,,,,,
1592771010000,,1992288,,,,,,,,,,,,,,,,,,,,,1988576,,,1994720,,,1993472,,1990752,,,,,,,,,,,,,1997280,,,,,,
1592771010500,,,,,,,,,,,,,,,,,,,,,,,,,,,,,,,,,,,,,,,,,,,,,,,,,,
1592771011000,,,1948896,1992416,1992992,,2003680,,,1948320,,,1947840,1945152,1988992,,1998400,1961312,,1990112,1948960,1947840,,,1948480,,,,,1992320,,,1949120,1964096,,,1983232,,,,,1947680,1993920,,,1964480,1946400,1988224,1992416,1946816
1592771011500,,,,,,,,,,,,,,,,,,,,,,,,,,,,,,,,,,,,,,,,,,,,,,,,,,
1592771012000,2001920,,,,,1994624,,,,,,,,,,,,,2000128,,,,,,,,,,,,,,,,,,,,1993184,,,,,,,,,,,
1592771012500,,,,,,,,,,,,,,,,,,,,,,,,,,,,,,,,,,,,,,,,,,,,,,,,,,
1592771013000,,,,,,,,,1973824,,,1980512,,,,,,,,,,,,,,,,1994240,,,,,,,,,,,,2001728,1980160,,,,1974624,,,,,
1592771013500,,,,,,,,,,,,,,,,,,,,,,,,,,,,,,,,,,,,,,,,,,,,,,,,,,
1592771014000,,,,,,,,1993216,,,,,,,,1978336,,,,,,,,1968992,,,1994976,,,,,1953024,,,,,,1966048,,,,,,,,,,,,
1592771014500,,,,,,,,,,,,,,,,,,,,,,,,,,,,,,,,,,,,,,,,,,,,,,,,,,
1592771015000,,,,,,,,,,,1969760,,,,,,,,,,,,,,,,,,1980992,,1978208,,,,1980704,1980512,,,,,,,,,,,,,,
1592771015500,,,,,,,,,,,,,,,,,,,,,,,,,,,,,,,,,,,,,,,,,,,,,,,,,,
1592771016000,,1973056,2005664,1981248,1977856,,1990688,,,2003936,,,2002880,2004160,1971744,,1985760,,,1995744,2007552,2004384,1969344,,2004384,1978880,,,,1975264,,,2004384,,,,1964672,,,,,2004384,1972448,1983136,,1958304,2002880,1983744,1983328,2004384
1592771016500,,,,,,,,,,,,,,,,,,,,,,,,,,,,,,,,,,,,,,,,,,,,,,,,,,
1592771017000,1997088,,,,,1983712,,,,,,,,,,,,1973312,1986912,,,,,,,,,,,,,,,1976608,,,,,1987648,,,,,,,,,,,
1592771017500,,,,,,,,,,,,,,,,,,,,,,,,,,,,,,,,,,,,,,,,,,,,,,,,,,
1592771018000,,,,,,,,,1961088,,,1975872,,,,,,,,,,,,,,,,1985504,,,,,,,,,,,,1984512,1965024,,,,,,,,,
1592771018500,,,,,,,,,,,,,,,,,,,,,,,,,,,,,,,,,,,,,,,,,,,,,,,,,,
1592771019000,,,,,,,,1979232,,,,,,,,,,,,,,,,1961312,,,1978752,,,,,1937856,,,,,,1963360,,,,,,,1961184,,,,,
1592771019500,,,,,,,,,,,,,,,,,,,,,,,,,,,,,,,,,,,,,,,,,,,,,,,,,,
1592771020000,,,,,,,,,,,1990400,,,,,1965056,,,,,,,,,,,,,1969056,,1963712,,,,1992224,1985568,,,,,,,,,,,,,,
1592771020500,,,,,,,,,,,,,,,,,,,,,,,,,,,,,,,,,,,,,,,,,,,,,,,,,,
1592771021000,,1996160,1997184,1975840,1964416,,1981728,,,1996544,,,1996704,1996544,1965760,,,,,1981440,1997824,1996704,1990560,,1996544,1965440,,,,1959200,,,,,,,1961280,,,,,1996480,1978432,1987616,,1948960,1995424,1969664,1990528,1996704
1592771021500,,,,,,,,,,,,,,,,,,,,,,,,,,,,,,,,,,,,,,,,,,,,,,,,,,
1592771022000,1986688,,,,,1990208,,,,,,,,,,,1977024,1985024,1977728,,,,,,,,,,,,,,1995840,1993408,,,,,1971424,,,,,,,,,,,
1592771022500,,,,,,,,,,,,,,,,,,,,,,,,,,,,,,,,,,,,,,,,,,,,,,,,,,
1592771023000,,,,,,,,,1948288,,,2003552,,,,,,,,,,,,,,,,1975904,,,,,,,,,,,,1971072,1951584,,,,,,,,,
1592771023500,,,,,,,,,,,,,,,,,,,,,,,,,,,,,,,,,,,,,,,,,,,,,,,,,,
1592771024000,,,,,,,,1964512,,,,,,,,,,,,,,,,1952192,,,1965312,,,,,1923776,,,,,,,,,,,,,1945184,,,,,
1592771024500,,,,,,,,,,,,,,,,,,,,,,,,,,,,,,,,,,,,,,,,,,,,,,,,,,
1592771025000,,,,,,,,,,,1974240,,,,,1989376,,,,,,,,,,,,,,,1950272,,,,1979424,1972128,,1951200,,,,,,,,,,,,
1592771025500,,,,,,,,,,,,,,,,,,,,,,,,,,,,,,,,,,,,,,,,,,,,,,,,,,
1592771026000,,1987200,,1962400,1948896,,,,,1986944,,,1989024,1986240,1951680,,,,,1968640,1991360,1988864,1977120,,1985440,1985920,,,1955616,1944384,,,,,,,1945760,,,,,1989024,1964352,1973536,,2006080,1986944,1956224,1982240,1987232
1592771026500,,,,,,,,,,,,,,,,,,,,,,,,,,,,,,,,,,,,,,,,,,,,,,,,,,
1592771027000,1976512,,1987424,,,1974944,1968544,,,,,,,,,,1990944,1972160,1961056,,,,,,,,,,,,,,1986720,1983968,,,,,,,,,,,,,,,,
1592771027500,,,,,,,,,,,,,,,,,,,,,,,,,,,,,,,,,,,,,,,,,,,,,,,,,,
1592771028000,,,,,,,,,,,,1999712,,,,,,,,,,,,,,,,1966304,,,,,,,,,,,1962464,,,,,,,,,,,
1592771028500,,,,,,,,,,,,,,,,,,,,,,,,,,,,,,,,,,,,,,,,,,,,,,,,,,
1592771029000,,,,,,,,,1934848,,,,,,,,,,,,,,,1944448,,,1951232,,,,,1911232,,,,,,,,1956992,1937504,,,,1986144,,,,,
1592771029500,,,,,,,,,,,,,,,,,,,,,,,,,,,,,,,,,,,,,,,,,,,,,,,,,,
1592771030000,,,,,,,,1951072,,,1960160,,,,,1975296,,,,,,,,,,,,,,,,,,,1964064,1958048,,1991520,,,,,,,,,,,,
1592771030500,,,,,,,,,,,,,,,,,,,,,,,,,,,,,,,,,,,,,,,,,,,,,,,,,,
1592771031000,,1977760,,1948960,,,,,,,,,1981344,,1936320,,,,,1952640,1981920,1980544,1961760,,1980064,1971200,,,1985696,,1937472,,,,,,,,,,,1979840,1949632,1958816,,1998464,1981120,1943424,1971776,1978624
1592771031500,,,,,,,,,,,,,,,,,,,,,,,,,,,,,,,,,,,,,,,,,,,,,,,,,,
1592771032000,1961984,,1981984,,1934272,1961024,1962528,,,1979840,,,,1980704,,,1981696,1962944,1951680,,,,,,,,,,,1931744,,,1981344,1967168,,,1933760,,,,,,,,,,,,,
1592771032500,,,,,,,,,,,,,,,,,,,,,,,,,,,,,,,,,,,,,,,,,,,,,,,,,,
1592771033000,,,,,,,,,,,,1995872,,,,,,,,,,,,,,,,,,,,,,,,,,,1994944,,,,,,,,,,,
1592771033500,,,,,,,,,,,,,,,,,,,,,,,,,,,,,,,,,,,,,,,,,,,,,,,,,,
1592771034000,,,,,,,,,,,,,,,,,,,,,,,,1995808,,,1936768,1956000,,,,,,,,,,,,1993472,1990624,,,,1973344,,,,,
1592771034500,,,,,,,,,,,,,,,,,,,,,,,,,,,,,,,,,,,,,,,,,,,,,,,,,,
1592771035000,,,,,,,,1992032,,,1947360,,,,,1963136,,,,,,,,,,,,,,,,1980096,,,1951904,1943968,,1978080,,,,,,,,,,,,
1592771035500,,,,,,,,,,,,,,,,,,,,,,,,,,,,,,,,,,,,,,,,,,,,,,,,,,
1592771036000,,1968640,,1935520,,,,,1998528,,,,1973024,,,,,,,1941120,,,1950240,,,1956480,,,1971616,,1989952,,,,,,,,,,,,1936192,1946656,,1990304,,,1963456,
1592771036500,,,,,,,,,,,,,,,,,,,,,,,,,,,,,,,,,,,,,,,,,,,,,,,,,,
1592771037000,1951744,,1973504,,1923456,1948032,1998976,,,1973024,,,,1972800,1922880,,1972544,1953824,1942720,,1974944,1973664,,,1973664,,,,,1918304,,,1973664,1958112,,,1919680,,,,,1973664,,,,,1972384,1929760,,1971520
1592771037500,,,,,,,,,,,,,,,,,,,,,,,,,,,,,,,,,,,,,,,,,,,,,,,,,,
1592771038000,,,,,,,,,,,,,,,,,,,,,,,,,,,,,,,,,,,,,,,1985984,,,,,,,,,,,
1592771038500,,,,,,,,,,,,,,,,,,,,,,,,,,,,,,,,,,,,,,,,,,,,,,,,,,
1592771039000,,,,,,,,,,,,1992032,,,,,,,,,,,,1987968,,,1990912,1948384,,,,,,,,,,,,1976832,1975520,,,,1958240,,,,,
1592771039500,,,,,,,,,,,,,,,,,,,,,,,,,,,,,,,,,,,,,,,,,,,,,,,,,,
1592771040000,,,,,,,,1978592,,,1932640,,,,,1947168,,,,,,,,,,,,,,,,1978400,,,1936320,1930304,,1963392,,,,,,,,,,,,
1592771040500,,,,,,,,,,,,,,,,,,,,,,,,,,,,,,,,,,,,,,,,,,,,,,,,,,
1592771041000,,1991456,,,,,,,1985632,,,,,,,,,,,1923072,,,1932832,,,1939712,,,1955648,,1974624,,,,,,,,,,,,1921312,1929568,,,,,1951776,
1592771041500,,,,,,,,,,,,,,,,,,,,,,,,,,,,,,,,,,,,,,,,,,,,,,,,,,
1592771042000,,,1964384,1918080,1990912,,1988544,,,1961184,,,1962464,1961984,1996192,,1962624,1991296,,,1963744,1962400,,,1961344,,,,,,,,1962976,1950432,,,1993280,,,,,1962400,,,,1977696,1962400,1995712,,1958784
1592771042500,,,,,,,,,,,,,,,,,,,,,,,,,,,,,,,,,,,,,,,,,,,,,,,,,,
1592771043000,1943200,,,,,1933952,,,,,,,,,,,,,1933184,,,,,,,,,,,,,,,,,,,,1976224,,,,,,,,,,,
1592771043500,,,,,,,,,,,,,,,,,,,,,,,,,,,,,,,,,,,,,,,,,,,,,,,,,,
1592771044000,,,,,,,,,,,,1986208,,,,,,,,,,,,1981152,,,,1989600,,1994720,,,,,,,,,,1963168,1988096,,,,1985728,,,,,
1592771044500,,,,,,,,,,,,,,,,,,,,,,,,,,,,,,,,,,,,,,,,,,,,,,,,,,
1592771045000,,,,,,,,1963648,,,1984704,,,,,1992320,,,,,,,,,,,1977280,,,,,1964960,,,1994592,1990080,,1991968,,,,,,,,,,,,
1592771045500,,,,,,,,,,,,,,,,,,,,,,,,,,,,,,,,,,,,,,,,,,,,,,,,,,
1592771046000,,1981920,,,,,,,1991168,,,,,,,,,,,,,,1992288,,,1990848,,,1994912,,1990848,,,,,,,,,,,,,,,,,,,
1592771046500,,,,,,,,,,,,,,,,,,,,,,,,,,,,,,,,,,,,,,,,,,,,,,,,,,
1592771047000,,,1958944,1991424,1989600,,2004096,,,1957024,,,1956384,1955520,1989696,,1993088,,,1991264,1958944,1956864,,,1955744,,,,,,,,1955520,1982432,,,1986912,,,,,1955744,1986912,1996832,,1973664,1955520,1998240,1945344,1954240
1592771047500,,,,,,,,,,,,,,,,,,,,,,,,,,,,,,,,,,,,,,,,,,,,,,,,,,
1592771048000,1995104,,,,,2000640,,,,,,,,,,,,1979584,1994688,,,,,,,,,,,,,,,,,,,,1994976,,,,,,,,,,,
1592771048500,,,,,,,,,,,,,,,,,,,,,,,,,,,,,,,,,,,,,,,,,,,,,,,,,,
1592771049000,,,,,,,,,,,,1983936,,,,,,,,,,,,,,,,1994080,,1993408,,,,,,,,,,1995808,1974016,,,,1972928,,,,,
1592771049500,,,,,,,,,,,,,,,,,,,,,,,,,,,,,,,,,,,,,,,,,,,,,,,,,,
1592771050000,,,,,,,,1992352,,,,,,,,,,,,,,,,1971872,,,1990592,,,,,1946304,,,,,,1976608,,,,,,,,,,,,
1592771050500,,,,,,,,,,,,,,,,,,,,,,,,,,,,,,,,,,,,,,,,,,,,,,,,,,
1592771051000,,,,,,,,,1991200,,1969984,,,,,1979584,,,,,,,,,,,,,1979968,,1978048,,,,1979232,1975360,,,,,,,,,,,,,,
1592771051500,,,,,,,,,,,,,,,,,,,,,,,,,,,,,,,,,,,,,,,,,,,,,,,,,,
1592771052000,,1980800,1951264,1988224,1975712,,1990560,,,1949344,,,1947776,1949344,1976256,,,,,1995104,,1947776,1979488,,1948064,1977408,,,,,,,1949344,,,,1973472,,,,,,1974816,1981888,,1965984,1946496,1971168,2003552,1946144
1592771052500,,,,,,,,,,,,,,,,,,,,,,,,,,,,,,,,,,,,,,,,,,,,,,,,,,
1592771053000,1993568,,,,,1941408,,,,,,,,,,,1997824,1983616,1983808,,,,,,,,,,,,,,,1979616,,,,,1992736,,,,,,,,,,,
1592771053500,,,,,,,,,,,,,,,,,,,,,,,,,,,,,,,,,,,,,,,,,,,,,,,,,,
1592771054000,,,,,,,,,,,,1973504,,,,,,,,,1974528,,,,,,,1992992,,1980992,,,,,,,,,,1980896,1968256,1974784,,,,,,,,
1592771054500,,,,,,,,,,,,,,,,,,,,,,,,,,,,,,,,,,,,,,,,,,,,,,,,,,
1592771055000,,,,,,,,1975392,,,,,,,,,,,,,,,,1968032,,,1973952,,,,,1945984,,,,,,,,,,,,,1963584,,,,,
1592771055500,,,,,,,,,,,,,,,,,,,,,,,,,,,,,,,,,,,,,,,,,,,,,,,,,,
1592771056000,,,,,,,,,1987616,,1957056,,,,,1988960,,,,,,,,,,,,,,,1967744,,,,1967008,1963264,,1966816,,,,,,,,,,,,
1592771056500,,,,,,,,,,,,,,,,,,,,,,,,,,,,,,,,,,,,,,,,,,,,,,,,,,
1592771057000,,1982688,2002784,1967648,1965472,,1988096,,,1997728,,,1998816,1997728,1968192,,,,,1968192,,2000736,1965952,,1997728,1963680,,,1970816,,,,1998816,,,,1964992,,,,,,1959424,1969440,,,1997728,1968992,1985920,1995712
1592771057500,,,,,,,,,,,,,,,,,,,,,,,,,,,,,,,,,,,,,,,,,,,,,,,,,,
1592771058000,1988736,,,,,1995168,,,,,,,,,,,1970752,1978208,1987616,,,,,,,,,,,,,,,1980736,,,,,1988032,,,,,,,,,,,
1592771058500,,,,,,,,,,,,,,,,,,,,,,,,,,,,,,,,,,,,,,,,,,,,,,,,,,
1592771059000,,,,,,,,,,,,2007552,,,,,,,,,1975168,,,,,,,1988544,,1969024,,,,,,,,,,1977440,1964800,1975424,,,,,,,,
1592771059500,,,,,,,,,,,,,,,,,,,,,,,,,,,,,,,,,,,,,,,,,,,,,,,,,,
1592771060000,,,,,,,,1972864,,,,,,,,,,,,,,,,1957920,,,1955840,,,,,1933536,,,,,,,,,,,,,1963104,,,,,
1592771060500,,,,,,,,,,,,,,,,,,,,,,,,,,,,,,,,,,,,,,,,,,,,,,,,,,
1592771061000,,,,,,,,,,,1953216,,,,,1965152,,,,,,,,,,,,,,,,,,,1967520,1963392,,1962976,,,,,,,,,,,,
1592771061500,,,,,,,,,,,,,,,,,,,,,,,,,,,,,,,,,,,,,,,,,,,,,,,,,,
1592771062000,,1978208,,,,,,,1980992,,,,1997568,,,,,,,1965792,,1996896,1965792,,,1967776,,,1966656,,1962080,,,,,,,,,,,,1956704,1967968,,,1994752,,1985184,
1592771062500,,,,,,,,,,,,,,,,,,,,,,,,,,,,,,,,,,,,,,,,,,,,,,,,,,
1592771063000,1983328,,1998016,1968512,1964768,1986592,1984736,,,1994752,,,,1994976,1964576,,1961568,1974656,1982912,,,,,,1994976,,,,,,,,1996256,1976928,,,1963456,,,,,,,,,,,1960256,,1993696
1592771063500,,,,,,,,,,,,,,,,,,,,,,,,,,,,,,,,,,,,,,,,,,,,,,,,,,
1592771064000,,,,,,,,,,,,2002912,,,,,,,,,2003936,,,,,,,1983840,,1980544,,,,,,,,,1983328,,,2003552,,,,1978944,,,,
1592771064500,,,,,,,,,,,,,,,,,,,,,,,,,,,,,,,,,,,,,,,,,,,,,,,,,,
1592771065000,,,,,,,,,,,,,,,,,,,,,,,,1950016,,,1946720,,,,,,,,,,,,,1969344,1956480,,,,1953920,,,,,
1592771065500,,,,,,,,,,,,,,,,,,,,,,,,,,,,,,,,,,,,,,,,,,,,,,,,,,
1592771066000,,,,,,,,1964576,,,1944832,,,,,1954912,,,,,,,,,,,,,,,,1925088,,,1958720,1953952,,1954016,,,,,,,,,,,,
1592771066500,,,,,,,,,,,,,,,,,,,,,,,,,,,,,,,,,,,,,,,,,,,,,,,,,,
1592771067000,,1973152,1988512,1958336,,,,,1975392,1987296,,,1987680,1985792,1955616,,,,,1957056,,1987232,1957536,,1985952,1957376,,,1959040,,1953248,,,,,,,,,,,,1946336,1958784,,,1985952,1951744,1982048,1985856
1592771067500,,,,,,,,,,,,,,,,,,,,,,,,,,,,,,,,,,,,,,,,,,,,,,,,,,
1592771068000,1979936,,,,1954528,1979840,1980480,,,,,,,,,,1975936,1969504,1978656,,,,,,,,,,,,,,1986656,1972256,,,1952512,,,,,,,,,,,,,
1592771068500,,,,,,,,,,,,,,,,,,,,,,,,,,,,,,,,,,,,,,,,,,,,,,,,,,
1592771069000,,,,,,,,,,,,1999296,,,,,,,,,1999680,,,,,,,,,,,,,,,,,,1977792,,,1999296,,,,1974464,,,,
1592771069500,,,,,,,,,,,,,,,,,,,,,,,,,,,,,,,,,,,,,,,,,,,,,,,,,,
1592771070000,,,,,,,,,,,,,,,,,,,,,,,,,,,1940064,1979584,,1974944,,,,,,,,,,1959392,1946688,,,,1945856,,,,,
1592771070500,,,,,,,,,,,,,,,,,,,,,,,,,,,,,,,,,,,,,,,,,,,,,,,,,,
1592771071000,,,,,,,,1955904,,,1935168,,,,,1947680,,,,,,,,,,,,,,,,1978464,,,1949408,1945280,,1945504,,,,,,,,,,,,
1592771071500,,,,,,,,,,,,,,,,,,,,,,,,,,,,,,,,,,,,,,,,,,,,,,,,,,
1592771072000,,1968672,,,,,,,1971232,,,,1981344,,,,,,,,,1980064,1948544,1996960,,1947776,,,1950528,,1944256,,,,,,,,,,,,1936256,1950336,,,,,,
1592771072500,,,,,,,,,,,,,,,,,,,,,,,,,,,,,,,,,,,,,,,,,,,,,,,,,,
1592771073000,1975232,,1953920,1950464,1947296,1965952,1990176,,,1955584,,,,1941888,1947264,,1960736,1963520,,1947264,,,,,1940832,,,,,,,,1980128,1967616,,,1945984,,,,,,,,,,1980064,1941376,1978016,1948672
1592771073500,,,,,,,,,,,,,,,,,,,,,,,,,,,,,,,,,,,,,,,,,,,,,,,,,,
1592771074000,,,,,,,,,,,,1970272,,,,,,,1972448,,1974848,,,,,,,,,,,,,,,,,,1972384,,,1995232,,,,1989696,,,,
1592771074500,,,,,,,,,,,,,,,,,,,,,,,,,,,,,,,,,,,,,,,,,,,,,,,,,,
1592771075000,,,,,,,,,,,,,,,,,,,,,,,,,,,1985280,1974240,,1970944,,,,,,,,,,1951008,1937344,,,,1934528,,,,,
1592771075500,,,,,,,,,,,,,,,,,,,,,,,,,,,,,,,,,,,,,,,,,,,,,,,,,,
1592771076000,,,,,,,,1967584,,,1923872,,,,,1934016,,,,,,,,,,,,,,,,1967872,,,1939680,1932608,,1947040,,,,,,,,,,,,
1592771076500,,,,,,,,,,,,,,,,,,,,,,,,,,,,,,,,,,,,,,,,,,,,,,,,,,
1592771077000,,1995072,,,,,,,1998912,,,,1972384,,,,,,,,,1972384,1938560,1980768,,1936608,,,1939520,,1933408,,,,,,,,,,,,1925216,1939488,,,,,,
1592771077500,,,,,,,,,,,,,,,,,,,,,,,,,,,,,,,,,,,,,,,,,,,,,,,,,,
1592771078000,,,1988768,1939456,1937152,,1980576,,,1995392,,,,1990912,1937920,,1950528,1991904,,1937920,,,,,1998720,,,,,,,,1966656,1994656,,,1935200,,,,,,,,,,1970944,1995904,1970944,1999232
1592771078500,,,,,,,,,,,,,,,,,,,,,,,,,,,,,,,,,,,,,,,,,,,,,,,,,,
1592771079000,1969248,,,,,1956992,,,,,,,,,,,,,1967808,,,,,,,,,,,,,,,,,,,,1969088,,,1991392,,,,1980704,,,,
1592771079500,,,,,,,,,,,,,,,,,,,,,,,,,,,,,,,,,,,,,,,,,,,,,,,,,,
1592771080000,,,,,,,,,,,,2001216,,,,,,,,,1966016,,,,,,,1969600,,1966304,,,,,,,,,,1940544,1992768,,,,1991776,,,,,
1592771080500,,,,,,,,,,,,,,,,,,,,,,,,,,,,,,,,,,,,,,,,,,,,,,,,,,
1592771081000,,,,,,,,1952448,,,,,,,,1984928,,,,,,,,,,,1970656,,,,,1957504,,,,,,1981952,,,,,,,,,,,,
1592771081500,,,,,,,,,,,,,,,,,,,,,,,,,,,,,,,,,,,,,,,,,,,,,,,,,,
1592771082000,,,,,,,,,1993088,,1979232,,,,,,,,,,,,,1972416,,,,,1994464,,1989696,,,,1993728,1988736,,,,,,,,,,,,,,
1592771082500,,,,,,,,,,,,,,,,,,,,,,,,,,,,,,,,,,,,,,,,,,,,,,,,,,
1592771083000,,1990592,1975328,1993280,1991936,,1998432,,,1981728,,,1964704,1978336,1992064,,1989248,,,1991904,,1963840,1992064,,1980224,1992096,,,,,,,1951936,,,,1989440,,,,,,1980160,1994496,,,1963200,1986304,2003136,1981504
1592771083500,,,,,,,,,,,,,,,,,,,,,,,,,,,,,,,,,,,,,,,,,,,,,,,,,,
1592771084000,1997632,,,,,1946528,,,,,,,,,,,,1987424,1995488,,,,,,,,,,,,,,,1990176,,,,,1996128,,,,,,,,,,,
1592771084500,,,,,,,,,,,,,,,,,,,,,,,,,,,,,,,,,,,,,,,,,,,,,,,,,,
1592771085000,,,,,,,,,,,,1988256,,,,,,,,,1992672,,,,,,,1997280,,1992640,,,,,,,,,,1997280,1982368,1988192,,,1982176,1971104,,,,
1592771085500,,,,,,,,,,,,,,,,,,,,,,,,,,,,,,,,,,,,,,,,,,,,,,,,,,
1592771086000,,,,,,,,1983552,,,,,,,,,,,,,,,,,,,1978976,,,,,1947296,,,,,,1965152,,,,,,,,,,,,
1592771086500,,,,,,,,,,,,,,,,,,,,,,,,,,,,,,,,,,,,,,,,,,,,,,,,,,
1592771087000,,,,,,,,,1989312,,1968224,,,,,1970848,,,,,,,,,,,,,1985312,,1980096,,,,1985440,1979840,,,,,,,,,,,,,,
1592771087500,,,,,,,,,,,,,,,,,,,,,,,,,,,,,,,,,,,,,,,,,,,,,,,,,,
1592771088000,,1985952,,1985664,,,,,,,,,1957024,,,,,,,1983104,,1958080,1983744,1963008,,1982528,,,,,,,,,,,,,,,,,1969792,1985056,,,1956160,1977824,1995712,
1592771088500,,,,,,,,,,,,,,,,,,,,,,,,,,,,,,,,,,,,,,,,,,,,,,,,,,
1592771089000,1992512,,1961888,,1983168,1939072,1986464,,,1967264,,,,1963872,1983584,,2000544,1983392,1991008,,,,,,1967840,,,,,,,,1939776,1985920,,,1981664,,1991008,,,,,,,,,,,1968320
1592771089500,,,,,,,,,,,,,,,,,,,,,,,,,,,,,,,,,,,,,,,,,,,,,,,,,,
1592771090000,,,,,,,,,,,,1978656,,,,,,,,,1983712,,,,,,,1992160,,1989984,,,,,,,,,,1987712,1974208,1984192,,,,1990880,,,,
1592771090500,,,,,,,,,,,,,,,,,,,,,,,,,,,,,,,,,,,,,,,,,,,,,,,,,,
1592771091000,,,,,,,,1971840,,,,,,,,,,,,,,,,,,,1966016,,,,,1936768,,,,,,,,,,,,,1972736,,,,,
1592771091500,,,,,,,,,,,,,,,,,,,,,,,,,,,,,,,,,,,,,,,,,,,,,,,,,,
1592771092000,,,,,,,,,1984416,,1956800,,,,,1987936,,,,,,,,,,,,,,,1969856,,,,1977344,1970400,,1954880,,,,,,,,,,,,
1592771092500,,,,,,,,,,,,,,,,,,,,,,,,,,,,,,,,,,,,,,,,,,,,,,,,,,
1592771093000,,1981216,1947168,1975424,1973632,,,,,1995840,,,1948064,1990304,1973504,,,,,1973504,,1949760,1972384,1990912,1990048,1973344,,,1974432,,,,,,,,1972064,,,,,,1959680,1975040,,,1947424,1968384,1989952,1992192
1592771093500,,,,,,,,,,,,,,,,,,,,,,,,,,,,,,,,,,,,,,,,,,,,,,,,,,
1592771094000,1986912,,,,,1991936,1977312,,,,,,,,,,1987584,1978912,1986112,,,,,,,,,,,,,,2000192,1981440,,,,,,,,,,,,,,,,
1592771094500,,,,,,,,,,,,,,,,,,,,,,,,,,,,,,,,,,,,,,,,,,,,,,,,,,
1592771095000,,,,,,,,,,,,1970784,,,,,,,,,1975648,,,,,,,1988544,,1985728,,,,,,,,,1987392,,,1980736,,,,1982432,,,,
1592771095500,,,,,,,,,,,,,,,,,,,,,,,,,,,,,,,,,,,,,,,,,,,,,,,,,,
1592771096000,,,,,,,,,,,,,,,,,,,,,,,,,,,1951296,,,,,1927776,,,,,,,,1978048,1965888,,,,1963776,,,,,
1592771096500,,,,,,,,,,,,,,,,,,,,,,,,,,,,,,,,,,,,,,,,,,,,,,,,,,
1592771097000,,,,,,,,1945216,,,1946912,,,,,1971968,,,,,,,,,,,,,,,,,,,1967584,1960640,,1985600,,,,,,,,,,,,
1592771097500,,,,,,,,,,,,,,,,,,,,,,,,,,,,,,,,,,,,,,,,,,,,,,,,,,
1592771098000,,1981120,,1965216,,,,,1979936,,,,2003040,,,,,,,1964160,,2004864,1963744,1976256,1973760,1963808,,,1965952,,1962016,,,,,,,,,,,,1949248,1966336,,,2001600,1954176,1984832,1976320
1592771098500,,,,,,,,,,,,,,,,,,,,,,,,,,,,,,,,,,,,,,,,,,,,,,,,,,
1592771099000,1983616,,1983872,,1963744,1970432,1959680,,,1981792,,,,1975712,1963296,,1978240,1975808,1980768,,,,,,,,,,,,,,1983392,1977248,,,1961536,,,,,,,,,,,,,
1592771099500,,,,,,,,,,,,,,,,,,,,,,,,,,,,,,,,,,,,,,,,,,,,,,,,,,
1592771100000,,,,,,,,,,,,,,,,,,,,,,,,,,,,,,,,,,,,,,,1981184,,,1973280,,,,1971904,,,,
1592771100500,,,,,,,,,,,,,,,,,,,,,,,,,,,,,,,,,,,,,,,,,,,,,,,,,,
1592771101000,,,,,,,,,,,,1989824,,,,,,,,,1995104,,,,,,,1983200,,1980384,,,,,,,,,,1961728,1966336,,,,,,,,,
1592771101500,,,,,,,,,,,,,,,,,,,,,,,,,,,,,,,,,,,,,,,,,,,,,,,,,,
1592771102000,,,,,,,,,,,,,,,,,,,,,,,,,,,,,,,,,,,,,,,,,,,,,1987616,,,,,
1592771102500,,,,,,,,,,,,,,,,,,,,,,,,,,,,,,,,,,,,,,,,,,,,,,,,,,
1592771103000,,,,,,,,1939104,,,,,,,,,,,,,,,,,,,1955712,,,,,1959456,,,,,,,,,,,,,,,,,,
1592771103500,,,,,,,,,,,,,,,,,,,,,,,,,,,,,,,,,,,,,,,,,,,,,,,,,,
1592771104000,,,,,,,,,,,,,,,,1946784,,,,,,,,,,,,,,,,,,,,,,1956896,,,,,,,,,,,,
1592771104500,,,,,,,,,,,,,,,,,,,,,,,,,,,,,,,,,,,,,,,,,,,,,,,,,,
1592771105000,,,,,,,,,,,1936736,,,,,,,,,,,,,,,,,,,,,,,,1947424,1954240,,,,,,,,,,,,,,
1592771105500,,,,,,,,,,,,,,,,,,,,,,,,,,,,,,,,,,,,,,,,,,,,,,,,,,
1592771106000,,1943200,,,,,,,1974432,,,,1975584,,,,,,,,,1984928,1971072,1986176,,1968640,,,1947584,,1961152,,,,,,,,,,,,1954496,1974880,,,1962432,,,
1592771106500,,,,,,,,,,,,,,,,,,,,,,,,,,,,,,,,,,,,,,,,,,,,,,,,,,
1592771107000,,,1957824,1973440,1959616,,1942112,,,1934080,,,,1950304,1961984,,,,,1966368,,,,,1917920,,,,,,,,1944544,,,,1952384,,,,,,,,,,,1904800,1972768,1938528
1592771107500,,,,,,,,,,,,,,,,,,,,,,,,,,,,,,,,,,,,,,,,,,,,,,,,,,
1592771108000,1967936,,,,,1969824,,,,,,,,,,,1968992,1957920,1980192,,,,,,,,,,,,,,,1969536,,,,,1984448,,,1983040,,,,,,,,
1592771108500,,,,,,,,,,,,,,,,,,,,,,,,,,,,,,,,,,,,,,,,,,,,,,,,,,
1592771109000,,1950112,,,,,,1924480,1969024,,1912672,1973376,1963680,,,1917216,,,,1978912,1889632,1972672,,1987264,,1936960,1962848,1967392,1926624,1972192,1907104,1953952,,,1994304,1933312,,1958976,,1927264,1936608,,1918944,1935040,1936256,1910176,1955680,,1984192,
1592771109500,,,,,,,,,,,,,,,,,,,,,,,,,,,,,,,,,,,,,,,,,,,,,,,,,,
1592771110000,1978592,,1947616,1940928,1944896,1958368,1968000,,,1959456,,,,1928704,1932832,,1938400,1958112,1972640,,,,1938784,,1920224,,,,,,,,1941280,1996320,,,1936192,,1959360,,,1978720,,,,,,1924032,,1941888
1592771110500,,,,,,,,,,,,,,,,,,,,,,,,,,,,,,,,,,,,,,,,,,,,,,,,,,
1592771111000,,,,,,,,,,,,1970496,,,,,,,,,1896832,,,,,,,1970944,,1967328,,,,,,,,,,1923360,1992928,,,,,1918720,,,,
1592771111500,,,,,,,,,,,,,,,,,,,,,,,,,,,,,,,,,,,,,,,,,,,,,,,,,,
1592771112000,,,,,,,,1970176,,,,,,,,,,,,,,,,,,,1952800,,,,,1942592,,,,,,,,,,,,,,,,,,
1592771112500,,,,,,,,,,,,,,,,,,,,,,,,,,,,,,,,,,,,,,,,,,,,,,,,,,
1592771113000,,,,,,,,,1978464,,1965120,,,,,1968288,,,,,,,,,,,,,1982464,,1990464,,,,1978432,1968288,,1918656,,,,,,,1982304,,1975072,,,
1592771113500,,,,,,,,,,,,,,,,,,,,,,,,,,,,,,,,,,,,,,,,,,,,,,,,,,
1592771114000,,1926752,,1893856,,,,,,1946464,,,1964416,,,,,,,1990208,,1961824,,1984544,1925152,1994240,,,,,,,,,,,,,,,,,1910400,1926752,,,,1927136,1978592,1923552
1592771114500,,,,,,,,,,,,,,,,,,,,,,,,,,,,,,,,,,,,,,,,,,,,,,,,,,
1592771115000,,,1931776,,1927168,,1964160,,,,,,,1910496,1986336,,1950912,1990240,,,,,,,,,,,,,,,1934528,,,,1988128,,,,,,,,,,,,,
1592771115500,,,,,,,,,,,,,,,,,,,,,,,,,,,,,,,,,,,,,,,,,,,,,,,,,,
1592771116000,1996480,,,,,1946496,,,,,,1952608,,,,,,,1989632,,1888480,,1963488,,,,,1976704,,1963072,,,,1998016,,,,,1945728,1991904,1982976,1983872,,,,1813536,,,,
1592771116500,,,,,,,,,,,,,,,,,,,,,,,,,,,,,,,,,,,,,,,,,,,,,,,,,,
1592771117000,,,,,,,,1966048,,,,,,,,,,,,,,,,,,,1990080,,,,,1937344,,,,,,,,,,,,,,,,,,
1592771117500,,,,,,,,,,,,,,,,,,,,,,,,,,,,,,,,,,,,,,,,,,,,,,,,,,
1592771118000,,,,,,,,,,,,,,,,1983712,,,,,,,,,,,,,,,,,,,,,,1975328,,,,,,,,,,,,
1592771118500,,,,,,,,,,,,,,,,,,,,,,,,,,,,,,,,,,,,,,,,,,,,,,,,,,
1592771119000,,,,,,,,,,,1950528,,,,,,,,,,,,,,,,,,,,,,,,1978240,1948096,,,,,,,,,,,,,,
1592771119500,,,,,,,,,,,,,,,,,,,,,,,,,,,,,,,,,,,,,,,,,,,,,,,,,,
1592771120000,,,,,,,,,,,,,,,,,,,,,,,,,,,,,,,,,,,,,,,,,,,,,,,,,,
1592771120500,,,,,,,,,,,,,,,,,,,,,,,,,,,,,,,,,,,,,,,,,,,,,,,,,,
1592771121000,,,,,,,,,1963680,,,,,,,,,,,,,,,,,,,,,,,,,,,,,,,,,,,,,,,,,
1592771121500,,,,,,,,,,,,,,,,,,,,,,,,,,,,,,,,,,,,,,,,,,,,,,,,,,
1592771122000,,1912800,,,,,,,,,,,1952928,,,,,,,,,1938336,,1980064,,1983520,,,1977248,,1992544,,,,,,,,,,,,1941280,1974496,1957760,,1955968,,,
1592771122500,,,,,,,,,,,,,,,,,,,,,,,,,,,,,,,,,,,,,,,,,,,,,,,,,,
1592771123000,,,1893760,1874496,1974432,,1978752,,,1922240,,,,1875712,1977152,,,,,1983584,,,,,1918912,,,,,,,,1876608,,,,1960000,,,,,,,,,,,1910400,1960736,1899904
1592771123500,,,,,,,,,,,,,,,,,,,,,,,,,,,,,,,,,,,,,,,,,,,,,,,,,,
1592771124000,1982784,,,,,,,,,,,,,,,,1981728,1930592,,,,,,,,,,,,,,,,,,,,,,,,,,,,,,,,
1592771124500,,,,,,,,,,,,,,,,,,,,,,,,,,,,,,,,,,,,,,,,,,,,,,,,,,
1592771125000,,,,,,1965056,,,,,,,,,,,,,1981728,,,,,,,,,,,,,,,1958848,,,,,,,,,,,,,,,,
1592771125500,,,,,,,,,,,,,,,,,,,,,,,,,,,,,,,,,,,,,,,,,,,,,,,,,,
1592771126000,,,,,,,,,,,,1977472,,,,,,,,,1889472,,1982592,,,,,1977792,,1984512,,,,,,,,,1987904,1989664,1945824,1998912,,,,1804064,,,,
1592771126500,,,,,,,,,,,,,,,,,,,,,,,,,,,,,,,,,,,,,,,,,,,,,,,,,,
1592771127000,,1811104,,,,,,1984352,1903040,,1935040,,1930784,,,1976096,,,,,,1928320,,1973024,,1974592,1973664,,1970624,,1993600,1887680,,,1972128,1949632,,1961504,,,,,1925792,1965184,1956800,,1923200,,,
1592771127500,,,,,,,,,,,,,,,,,,,,,,,,,,,,,,,,,,,,,,,,,,,,,,,,,,
1592771128000,1975072,,1887680,1890656,1971648,,1968512,,,1905472,,1971968,,1974944,1967136,,1969472,1865216,1962464,1975520,1890048,,1973152,,1891008,,,,,1985536,,,1867392,1902112,,,1948096,,1988704,,,1983424,,,,1811040,,1808512,1971744,1886752
1592771128500,,,,,,,,,,,,,,,,,,,,,,,,,,,,,,,,,,,,,,,,,,,,,,,,,,
1592771129000,,1766976,,,,1928896,,1972128,1896704,,1925248,,1990880,,,1961376,,,,,,1902432,,1969184,,1964192,1955168,1972864,1946592,,1993600,1872864,,,1961280,1948512,,1974784,,1989728,1932608,,,1955296,1977504,,1964832,,,
1592771129500,,,,,,,,,,,,,,,,,,,,,,,,,,,,,,,,,,,,,,,,,,,,,,,,,,
1592771130000,1964480,,1983840,1872288,1996448,,1947360,,,1970240,,,,1967168,1957088,,1948160,1836224,1943040,1959936,,,,,1909728,,,,,,,,1919808,,,,1984800,,,,,,1904544,,,,,1738528,1950656,1878208
1592771130500,,,,,,,,,,,,,,,,,,,,,,,,,,,,,,,,,,,,,,,,,,,,,,,,,,
1592771131000,,,,,,,,,,,,1946848,,,,,,,,,1882688,,1944704,,,,,1966848,,1981248,,,,1873088,,,,,1998720,,,1983392,,,,1810944,,,,
1592771131500,,,,,,,,,,,,,,,,,,,,,,,,,,,,,,,,,,,,,,,,,,,,,,,,,,
1592771132000,,,,,,1984640,,,,,,,,,,,,,,,,,,,,,1940384,,,,,,,,,,,,,1994688,1923968,,,,,,,,,
1592771132500,,,,,,,,,,,,,,,,,,,,,,,,,,,,,,,,,,,,,,,,,,,,,,,,,,
1592771133000,,,,,,,,1957184,,,1912448,,,,,1947296,,,,,,,,,,,,,,,,1953664,,,1944000,1931872,,,,,,,,,,,,,,
1592771133500,,,,,,,,,,,,,,,,,,,,,,,,,,,,,,,,,,,,,,,,,,,,,,,,,,
1592771134000,,1831040,,,,,,,1897344,,,,,,,,,,,,,1985728,,,,1948992,,,1931872,,1992608,,,,,,,,,,,,,,1964064,,1956352,,,
1592771134500,,,,,,,,,,,,,,,,,,,,,,,,,,,,,,,,,,,,,,,,,,,,,,,,,,
1592771135000,1954816,,1972640,1852800,1979808,,1993632,,,1988992,,,1970688,1963264,1945056,,1948608,,,1942080,,,,1964320,1877952,,,,,,,,1910144,,,,1996480,1965824,,,,,1892800,1983520,,,,1773632,1957632,1914368
1592771135500,,,,,,,,,,,,,,,,,,,,,,,,,,,,,,,,,,,,,,,,,,,,,,,,,,
1592771136000,,,,,,,,,,,,1976384,,,,,,1821728,1997184,,1883264,,1948544,,,,,,,,,,,1843776,,,,,1985920,,,1989216,,,,1887520,,,,
1592771136500,,,,,,,,,,,,,,,,,,,,,,,,,,,,,,,,,,,,,,,,,,,,,,,,,,
1592771137000,,,,,,1975040,,,,,,,,,,,,,,,,,,,,,1981440,1962368,,1977248,,,,,,,,,,1996288,1938752,,,,,,,,,
1592771137500,,,,,,,,,,,,,,,,,,,,,,,,,,,,,,,,,,,,,,,,,,,,,,,,,,
1592771138000,,,,,,,,1941440,,,1965344,,,,,1930688,,,,,,,,,,,,,,,,1943808,,,1993536,1976416,,,,,,,,,,,,,,
1592771138500,,,,,,,,,,,,,,,,,,,,,,,,,,,,,,,,,,,,,,,,,,,,,,,,,,
1592771139000,,,,,,,,,1895168,,,,,,,,,,,,,,,,,,,,1923456,,1993600,,,,,,,,,,,,,,1948704,,1978400,,,
1592771139500,,,,,,,,,,,,,,,,,,,,,,,,,,,,,,,,,,,,,,,,,,,,,,,,,,
1592771140000,,1947968,,,,,,,,,,,1981312,,,,,,,,,1987584,,1990944,,1988672,,,,,,,,,,,,,,,,,,1973536,,,,,1989472,
1592771140500,,,,,,,,,,,,,,,,,,,,,,,,,,,,,,,,,,,,,,,,,,,,,,,,,,
1592771141000,,,1963264,1913280,1989408,,,,,1974784,,,,1945312,1935136,,,,,1987296,,,,,1911584,,,,,,,,,,,,1977632,,,,,,1968160,,,,,1767040,,1913632
1592771141500,,,,,,,,,,,,,,,,,,,,,,,,,,,,,,,,,,,,,,,,,,,,,,,,,,
1592771142000,1987872,,,,,,1975424,,,,,,,,,,1991104,1821728,1985280,,,,,,,,,,,,,,1901248,1843776,,,,1986336,1976544,,,1974496,,,,,,,,
1592771142500,,,,,,,,,,,,,,,,,,,,,,,,,,,,,,,,,,,,,,,,,,,,,,,,,,
1592771143000,,,,,,1984672,,1995104,,,,1976416,,,,1998912,,,,,1880320,,1988480,,,,1982176,1958272,,1986368,,1852992,,,,,,,,1996512,1950432,,,,,1912416,,,,
1592771143500,,,,,,,,,,,,,,,,,,,,,,,,,,,,,,,,,,,,,,,,,,,,,,,,,,
1592771144000,,,,,,,,,1925344,,1970080,,,,,,,,,,,,,,,,,,,,,,,,1991744,1958368,,,,,,,,,1979232,,,,,
1592771144500,,,,,,,,,,,,,,,,,,,,,,,,,,,,,,,,,,,,,,,,,,,,,,,,,,
1592771145000,,1970272,,,,,,,,,,,1970656,,,,,,,,,1974112,,1986912,,1980576,,,1996096,,1994048,,,,,,,,,,,,,1962880,,,1960544,,,
1592771145500,,,,,,,,,,,,,,,,,,,,,,,,,,,,,,,,,,,,,,,,,,,,,,,,,,
1592771146000,1989664,,1939584,1895232,1972576,,1979232,,,1957760,,,,1921728,1927680,,1991648,1797472,1989632,1989984,,,,,1921824,,,,,,,,1889920,,,,1989728,1985056,1963616,,,,1972416,,,,,1817376,1979872,1902592
1592771146500,,,,,,,,,,,,,,,,,,,,,,,,,,,,,,,,,,,,,,,,,,,,,,,,,,
1592771147000,,,,,,,,,,,,1961408,,,,,,,,,1879424,,1977920,,,,,1950592,,1979968,,,,1823040,,,,,,1993664,1906784,1990944,,,,1897536,,,,
1592771147500,,,,,,,,,,,,,,,,,,,,,,,,,,,,,,,,,,,,,,,,,,,,,,,,,,
1592771148000,,,,,,1981664,,1977600,,,,,,,,,,,,,,,,,,,1970176,,,,,1811776,,,,,,,,,,,,,,,,,,
1592771148500,,,,,,,,,,,,,,,,,,,,,,,,,,,,,,,,,,,,,,,,,,,,,,,,,,
1592771149000,,,,,,,,,,,1941792,,,,,1971424,,,,,,,,,,,,,,,,,,,1969344,1979904,,,,,,,,,,,,,,
1592771149500,,,,,,,,,,,,,,,,,,,,,,,,,,,,,,,,,,,,,,,,,,,,,,,,,,
1592771150000,,,,,,,,,,,,,,,,,,,,,,,,,,,,,,,,,,,,,,,,,,,,,,,,,,
1592771150500,,,,,,,,,,,,,,,,,,,,,,,,,,,,,,,,,,,,,,,,,,,,,,,,,,
1592771151000,,,,,,,,,,,,,,,,,,,,,,,,,,,,,,,,,,,,,,,,,,,,,,,,,,
1592771151500,,,,,,,,,,,,,,,,,,,,,,,,,,,,,,,,,,,,,,,,,,,,,,,,,,
1592771152000,,,,,,,,,,,,,,,,,,,,,,,,,,,,,,,,,,,,,,,,,,,,,1949920,,,,,
1592771152500,,,,,,,,,,,,,,,,,,,,,,,,,,,,,,,,,,,,,,,,,,,,,,,,,,
1592771153000,,1932384,,,,,,,,,,,1961696,,,,,,,,,1963232,,1982432,,1989120,,,1977760,,,,,,,,,,,,,,,1969152,,,1972992,,1983488,
1592771153500,,,,,,,,,,,,,,,,,,,,,,,,,,,,,,,,,,,,,,,,,,,,,,,,,,
1592771154000,,,1920736,1914528,,,,,1912960,1944128,,,,1909344,1969408,,,,,1987584,,,,,1956000,,,,,,1985280,,,,,,,,,,,,1960192,,,,,1712672,,1890592
1592771154500,,,,,,,,,,,,,,,,,,,,,,,,,,,,,,,,,,,,,,,,,,,,,,,,,,
1592771155000,,,,,1982720,,,,,,,,,,,,,,,,,,,,,,,,,,,,1884096,,,,1974496,,,,,,,,,,,,,
1592771155500,,,,,,,,,,,,,,,,,,,,,,,,,,,,,,,,,,,,,,,,,,,,,,,,,,
1592771156000,,,,,,,1960544,,,,,,,,,,1972288,,,,,,,,,,,,,,,,,,,,,,,,,,,,,,,,,
1592771156500,,,,,,,,,,,,,,,,,,,,,,,,,,,,,,,,,,,,,,,,,,,,,,,,,,
1592771157000,,,,,,,,,,,,,,,,,,,,,,,,,,,,,,,,,,,,,,1943776,,,,,,,,,,,,
1592771157500,,,,,,,,,,,,,,,,,,,,,,,,,,,,,,,,,,,,,,,,,,,,,,,,,,
1592771158000,1962496,,,,,,,,,,,,,,,,,1798336,1943552,,1863072,,1964576,,,,,,,,,,,,,,,,1949856,,,1952416,,,,1890144,,,,
1592771158500,,,,,,,,,,,,,,,,,,,,,,,,,,,,,,,,,,,,,,,,,,,,,,,,,,
1592771159000,,1924288,,,,1948768,,1960736,,,1921568,1957280,1905568,,,1915680,,,,,,1932032,,1974112,,,1903520,1978208,1932992,1976960,,1805984,,1823328,1918080,1959104,,,,1983584,1905120,,1917184,1929632,1964672,,1927008,,1960960,1860096
1592771159500,,,,,,,,,,,,,,,,,,,,,,,,,,,,,,,,,,,,,,,,,,,,,,,,,,
1592771160000,,,,1899648,,,,,,,,,,,,,,,,,,,,,,1929344,,,,,,,,,,,,,,,,,,,,,,1699520,,
1592771160500,,,,,,,,,,,,,,,,,,,,,,,,,,,,,,,,,,,,,,,,,,,,,,,,,,
1592771161000,,,,,,,,,,1901280,,,,,,,,,,1969152,,,,,1899776,,,,,,,,,,,,,,,,,,,,,,,,,
1592771161500,,,,,,,,,,,,,,,,,,,,,,,,,,,,,,,,,,,,,,,,,,,,,,,,,,
1592771162000,,,1895872,,1954464,,,,,,,,,1984928,1976512,,,,,,,,,,,,,,,,,,,,,,,,,,,,,,,,,,,
1592771162500,,,,,,,,,,,,,,,,,,,,,,,,,,,,,,,,,,,,,,,,,,,,,,,,,,
1592771163000,,,,,,,,,1913984,,,,,,,,1960768,,,,,,,,,,,,,,1981952,,1899456,,,,1959040,,,,,,,,,,,,,
1592771163500,,,,,,,,,,,,,,,,,,,,,,,,,,,,,,,,,,,,,,,,,,,,,,,,,,
1592771164000,,,,,,,1954400,,,,,,,,,,,,1938976,,,,1965696,,,,,,,,,,,,,,,1955232,1956896,,,1941728,,,,,,,,
1592771164500,,,,,,,,,,,,,,,,,,,,,,,,,,,,,,,,,,,,,,,,,,,,,,,,,,
1592771165000,1959712,,,,,,,,,,,1951552,,,,,,1798400,,,1868736,,,,,,,1981536,,1978304,,,,,,,,,,,,,,,,1882624,,,,
1592771165500,,,,,,,,,,,,,,,,,,,,,,,,,,,,,,,,,,,,,,,,,,,,,,,,,,
1592771166000,,1893664,,,,1966336,,1966208,,,1911232,,1975520,,,1906528,,,,,,1914208,,1973088,,,1953632,,1905216,,,1742816,,1809664,1920576,1958016,,,,1983584,1893248,,,,1948544,,1935200,,,
1592771166500,,,,,,,,,,,,,,,,,,,,,,,,,,,,,,,,,,,,,,,,,,,,,,,,,,
1592771167000,,,1981984,1893824,1952000,,,,,1980704,,,,1979040,1946528,,,,,1954752,,,,,1949856,1885664,,,,,,,1857664,,,,1963232,,,,,,1930816,1924576,,,,1694848,1970720,1853280
1592771167500,,,,,,,,,,,,,,,,,,,,,,,,,,,,,,,,,,,,,,,,,,,,,,,,,,
1592771168000,,,,,,,1931648,,1913984,,,,,,,,1973888,,1930304,,,,,,,,,,,,1981920,,,,,,,1965792,,,,,,,,,,,,
1592771168500,,,,,,,,,,,,,,,,,,,,,,,,,,,,,,,,,,,,,,,,,,,,,,,,,,
1592771169000,1965856,,,,,,,,,,,1987360,,,,,,1798560,,,1855936,,1962592,,,,,,,1968672,,,,,,,,,1947104,,,1996224,,,,1898528,,,,
1592771169500,,,,,,,,,,,,,,,,,,,,,,,,,,,,,,,,,,,,,,,,,,,,,,,,,,
1592771170000,,,,,,,,,,,,,,,,,,,,,,,,,,,,1982432,,,,,,,,,,,,,1883744,,,,,,,,,
1592771170500,,,,,,,,,,,,,,,,,,,,,,,,,,,,,,,,,,,,,,,,,,,,,,,,,,
1592771171000,,,,,,1993472,,,,,,,,,,,,,,,,,,,,,1881248,,,,,,,1764448,,,,,,1983584,,,,,,,,,,
1592771171500,,,,,,,,,,,,,,,,,,,,,,,,,,,,,,,,,,,,,,,,,,,,,,,,,,
1592771172000,,1864096,,,,,,1958720,,,1907616,,,,,1903808,,,,,,,,,,,,,1944288,,,1841056,,,1888672,1952384,,,,,,,,,1899744,,1924992,,,
1592771172500,,,,,,,,,,,,,,,,,,,,,,,,,,,,,,,,,,,,,,,,,,,,,,,,,,
1592771173000,,,1970304,1886336,1891584,,,,,1966240,,,1970272,1970304,,,,,,1940832,,1994912,,1968224,1930944,1896832,,,,,,,1910880,,,,1956064,,,,,,1935520,1907296,,,,1688544,1965216,1907872
1592771173500,,,,,,,,,,,,,,,,,,,,,,,,,,,,,,,,,,,,,,,,,,,,,,,,,,
1592771174000,,,,,,,1937408,,1910816,,,1981440,,,1934400,,1966464,1798560,1916128,,1878240,,1923328,,,,,1982432,,1961248,1992256,,,,,,,1967008,1887968,,1928160,1990880,,,,1891104,,,,
1592771174500,,,,,,,,,,,,,,,,,,,,,,,,,,,,,,,,,,,,,,,,,,,,,,,,,,
1592771175000,1966176,,,,,1988352,,,,,,,,,,,,,,,,,,,,,1952928,,,,,,,,,,,,,,,,,,,,,,,
1592771175500,,,,,,,,,,,,,,,,,,,,,,,,,,,,,,,,,,,,,,,,,,,,,,,,,,
1592771176000,,,,,,,,1947872,,,,,,,,,,,,,,,,,,,,,,,,1826080,,1783072,,,,,,1982944,,,,,,,,,,
1592771176500,,,,,,,,,,,,,,,,,,,,,,,,,,,,,,,,,,,,,,,,,,,,,,,,,,
1592771177000,,,,,,,,,,,1893472,,,,,1894560,,,,,,,,,,,,,,,,,,,1875040,1942368,,,,,,,,,1876416,,,,,
1592771177500,,,,,,,,,,,,,,,,,,,,,,,,,,,,,,,,,,,,,,,,,,,,,,,,,,
1592771178000,,1846208,,,,,,,,,,,1973792,,,,,,,,,1984992,,1992928,,,,,1933536,,,,,,,,,,,,,,,1923360,,,1977792,,,
1592771178500,,,,,,,,,,,,,,,,,,,,,,,,,,,,,,,,,,,,,,,,,,,,,,,,,,
1592771179000,,,,1873408,,,,,,,,,,,,,,,,,,,,,,,,,,,,,,,,,,,,,,,1921440,,,,,1681088,,1899328
1592771179500,,,,,,,,,,,,,,,,,,,,,,,,,,,,,,,,,,,,,,,,,,,,,,,,,,
1592771180000,,,,,,,,,,,,,,1962688,,,,,,1990592,,,,,1919360,1936128,,,,,,,,,,,,,,,,,,,,,,,1985632,
1592771180500,,,,,,,,,,,,,,,,,,,,,,,,,,,,,,,,,,,,,,,,,,,,,,,,,,
1592771181000,,,1963264,,1968352,,,,,,,,,,1929120,,,,,,,,,,,,,,,,,,,,,,1947168,,,,,,,,,,,,,
1592771181500,,,,,,,,,,,,,,,,,,,,,,,,,,,,,,,,,,,,,,,,,,,,,,,,,,
1592771182000,,,,,,,,,1913760,1964000,,,,,,,1962848,,,,,,,,,,,,,,1992576,,1901280,,,,,1957376,,,,,,,,,,,,
1592771182500,,,,,,,,,,,,,,,,,,,,,,,,,,,,,,,,,,,,,,,,,,,,,,,,,,
1592771183000,,,,,,1983872,1923712,,,,,1975680,,,,,,1823744,1928960,,1872960,,1905632,,,,,1982432,,1956032,,,,,,,,,1817696,,1912448,1984960,,,,1918368,,,,
1592771183500,,,,,,,,,,,,,,,,,,,,,,,,,,,,,,,,,,,,,,,,,,,,,,,,,,
1592771184000,1966400,1817472,,,,,,,,,1945856,,1946400,,,1883040,,,,,,1974752,,1987808,,,1955616,,1936288,,,1814592,,1777280,1939200,1929824,,,,1983584,,,,1910624,1844160,,1964224,1656608,,1887808
1592771184500,,,,,,,,,,,,,,,,,,,,,,,,,,,,,,,,,,,,,,,,,,,,,,,,,,
1592771185000,,,,1860224,,,,,,,,,,,,,,,,1976864,,,,,1904640,1920832,,,,,,,,,,,,,,,,,1960480,,,,,,,
1592771185500,,,,,,,,,,,,,,,,,,,,,,,,,,,,,,,,,,,,,,,,,,,,,,,,,,
1592771186000,,,1953984,,1953312,,,,,,,,,1951328,1915136,,,,,,,,,,,,,,,,,,1889760,,,,1934368,,,,,,,,,,,,1985632,
1592771186500,,,,,,,,,,,,,,,,,,,,,,,,,,,,,,,,,,,,,,,,,,,,,,,,,,
1592771187000,,,,,,,1935392,,1899264,1959936,,,,,,,1991776,,1926592,,,,,,,,,,,,1993024,,,,,,,1948960,1971744,,,,,,,,,,,
1592771187500,,,,,,,,,,,,,,,,,,,,,,,,,,,,,,,,,,,,,,,,,,,,,,,,,,
1592771188000,,,,,,,,,,,,,,,,,,,,,1866944,,1933696,,,,,,,,,,,,,,,,,,,1980640,,,,1914528,,,,
1592771188500,,,,,,,,,,,,,,,,,,,,,,,,,,,,,,,,,,,,,,,,,,,,,,,,,,
1592771189000,,,,,,1968768,,,,,,,,,,,,,,,,,,,,,1936896,1975584,,,,,,,,,,,,,1894592,,,,,,,,,
1592771189500,,,,,,,,,,,,,,,,,,,,,,,,,,,,,,,,,,,,,,,,,,,,,,,,,,
1592771190000,,,,,,,,,,,,,,,,,,1823744,,,,,,,,,,,,,,1788608,,,,,,,,,,,,,,,,,,
1592771190500,,,,,,,,,,,,,,,,,,,,,,,,,,,,,,,,,,,,,,,,,,,,,,,,,,
1592771191000,,,,,,,,,,,1902112,,,,,1916928,,,,,,,,,,,,,,,,,,,,1962880,,,,1989024,,,,,,,,,,
1592771191500,,,,,,,,,,,,,,,,,,,,,,,,,,,,,,,,,,,,,,,,,,,,,,,,,,
1592771192000,1967168,,,,,,,,,,,,,,,,,,,,,,,,,,,,,,,,,,,,,,,,,,,,1919232,,,,,
1592771192500,,,,,,,,,,,,,,,,,,,,,,,,,,,,,,,,,,,,,,,,,,,,,,,,,,
1592771193000,,1858080,,,,,,,,,,,1922592,,,,,,,,,,,,,,,,1917472,,,,,1780992,1940128,,,,,,,,,1950528,,,1934688,,,
1592771193500,,,,,,,,,,,,,,,,,,,,,,,,,,,,,,,,,,,,,,,,,,,,,,,,,,
1592771194000,,,,1902432,,,,,,,,,,,,,,,,,,,,1978432,,1899232,,,,,,,,,,,,,,,,,1936352,,,,,1689824,,1863872
1592771194500,,,,,,,,,,,,,,,,,,,,,,,,,,,,,,,,,,,,,,,,,,,,,,,,,,
1592771195000,,,,,,,,,,,,,,,,,,,,1957248,,,,,1960384,,,,,,,,,,,,,,,,,,,,,,,,,
1592771195500,,,,,,,,,,,,,,,,,,,,,,,,,,,,,,,,,,,,,,,,,,,,,,,,,,
1592771196000,,,1937344,,1954880,,,,,,,,,1988256,,,,,,,,,,,,,,,,,,,,,,,,,,,,,,,,,,,,
1592771196500,,,,,,,,,,,,,,,,,,,,,,,,,,,,,,,,,,,,,,,,,,,,,,,,,,
1592771197000,,,,,,,,,,,,,,,1953760,,,,,,,,,,,,,,,,,,,,,,1973824,,,,,,,,,,,,,
1592771197500,,,,,,,,,,,,,,,,,,,,,,,,,,,,,,,,,,,,,,,,,,,,,,,,,,
1592771198000,,,,,,,,,,,,,,,,,,,,,,,,,,,,,,,,,1844576,,,,,,,,,,,,,,,,,
1592771198500,,,,,,,,,,,,,,,,,,,,,,,,,,,,,,,,,,,,,,,,,,,,,,,,,,
1592771199000,,,,,,,,,,,,,,,,,,,,,,,,,,,,,,,,,,,,,,,,,,,,,,,,,,
1592771199500,,,,,,,,,,,,,,,,,,,,,,,,,,,,,,,,,,,,,,,,,,,,,,,,,,
1592771200000,,,,,,,,,,,,,,,,,,,,,,,,,,,,,,,,,,,,,,,,,,,,,,,,,,
1592771200500,,,,,,,,,,,,,,,,,,,,,,,,,,,,,,,,,,,,,,,,,,,,,,,,,,
1592771201000,,,,,,,,1982016,,,,,,,,,,,,,,,,,,,,,,,,,,,,,,,,,,,,,,,,,,
1592771201500,,,,,,,,,,,,,,,,,,,,,,,,,,,,,,,,,,,,,,,,,,,,,,,,,,
1592771202000,,,,,,,,,,,,,,,,,,,,,,,,,,,,,,,,,,,,,,,,,,,,,,,,,,
1592771202500,,,,,,,,,,,,,,,,,,,,,,,,,,,,,,,,,,,,,,,,,,,,,,,,,,
1592771203000,,,,,,,,,,,,,,,,,,,,,,,,,,,,,,,,,,,,,,,,,,,,,,,,,1965696,
1592771203500,,,,,,,,,,,,,,,,,,,,,,,,,,,,,,,,,,,,,,,,,,,,,,,,,,
1592771204000,,,,,,,,,,1939680,,,,,,,1986560,,,,,,,,,,,,,,,,,,,,,,,,,,,,,,,,,
1592771204500,,,,,,,,,,,,,,,,,,,,,,,,,,,,,,,,,,,,,,,,,,,,,,,,,,
1592771205000,,,,,,,,,,,,,,,,,,,,,,,,,,,,,,,,,,,,,,,,,,,,,,,,,,
1592771205500,,,,,,,,,,,,,,,,,,,,,,,,,,,,,,,,,,,,,,,,,,,,,,,,,,
1592771206000,,,,,,,,,,,,,,,,,,,,,,,,,,,,,,,,,,,,,,1939584,,,,,,,,,,,,
1592771206500,,,,,,,,,,,,,,,,,,,,,,,,,,,,,,,,,,,,,,,,,,,,,,,,,,
1592771207000,,,,,,,1918912,,,,,,,,,,,,,,,,,,,,,,,,,,,,,,,,,,,,,,,,,,,
1592771207500,,,,,,,,,,,,,,,,,,,,,,,,,,,,,,,,,,,,,,,,,,,,,,,,,,
1592771208000,,,,,,,,,,,,,,,,,,,1910944,,,,,,,,,,,,,,,,,,,,,,,,,,,,,,,
1592771208500,,,,,,,,,,,,,,,,,,,,,,,,,,,,,,,,,,,,,,,,,,,,,,,,,,
1592771209000,,,,,,,,,,,,,,,,,,,,,,,,,,,,,,,1989920,,,,,,,,,,,,,,,,,,,
1592771209500,,,,,,,,,,,,,,,,,,,,,,,,,,,,,,,,,,,,,,,,,,,,,,,,,,
1592771210000,,,,,,,,,,,,,,,,,,,,,,,,,,,,,,,,,,,,,,,,,,,,,,,,,,
1592771210500,,,,,,,,,,,,,,,,,,,,,,,,,,,,,,,,,,,,,,,,,,,,,,,,,,
1592771211000,,,,,,,,,,,,,,,,,,,,,,,,,,,,,,,,,,,,,,,,,,,,,,,,,,
1592771211500,,,,,,,,,,,,,,,,,,,,,,,,,,,,,,,,,,,,,,,,,,,,,,,,,,
1592771212000,,,,,,,,,,,,,,,,,,,,,,,,,,,,,,,,,,,,,,,,,,,,,,,,,,
1592771212500,,,,,,,,,,,,,,,,,,,,,,,,,,,,,,,,,,,,,,,,,,,,,,,,,,
1592771213000,,,,,,,,,,,,,,,,,,,,,,,,,,,,,,,,,,,,,,,,,,,,,,,,,,
1592771213500,,,,,,,,,,,,,,,,,,,,,,,,,,,,,,,,,,,,,,,,,,,,,,,,,,
1592771214000,,,,,,,,,,,,,,,,,,,,,,1983296,,,,,,,,,,,,,,,,,,,,,,,,,,,,
1592771214500,,,,,,,,,,,,,,,,,,,,,,,,,,,,,,,,,,,,,,,,,,,,,,,,,,
1592771215000,,,,,,,,,,,1918400,,,,,,,,,,,,,,,,,,,,,1743552,,,,1977216,,,,,,,,,,,,,,
1592771215500,,,,,,,,,,,,,,,,,,,,,,,,,,,,,,,,,,,,,,,,,,,,,,,,,,
1592771216000,,,,,,,,,,,,,,,,,,,,,,,,,,,,,,,,,,,,,,,,,,,,,,,,,,
1592771216500,,,,,,,,,,,,,,,,,,,,,,,,,,,,,,,,,,,,,,,,,,,,,,,,,,
1592771217000,,,,,,,,,,,,,,,,,,,,,,,,,,,,,,,,,,,,,,,,,,,,,,,,,,
1592771217500,,,,,,,,,,,,,,,,,,,,,,,,,,,,,,,,,,,,,,,,,,,,,,,,,,
1592771218000,,,,,,,,,,,,,,,,,,,,,,,,,,,,1964512,,,,,,,,,,,,,,,,,,,,,,
1592771218500,,,,,,,,,,,,,,,,,,,,,,,,,,,,,,,,,,,,,,,,,,,,,,,,,,
1592771219000,,,,,,,,,,,,,,,,1904480,,1811360,,,,,,,,,,,,,,,,,,,,,,,,,,,1919648,,,,,
1592771219500,,,,,,,,,,,,,,,,,,,,,,,,,,,,,,,,,,,,,,,,,,,,,,,,,,
1592771220000,,,,,,,,,,,,,1936512,,,,,,,,,,,1951904,,,,,1912896,,,,,,,,,,,,,,,,,,1951264,1660416,,
1592771220500,,,,,,,,,,,,,,,,,,,,,,,,,,,,,,,,,,,,,,,,,,,,,,,,,,
1592771221000,,,,1864000,,,,,,,,,,,,,,,,,,,,,,,,,,,,,,,,,,,,,,,1914880,1964096,,,,,,1889376
1592771221500,,,,,,,,,,,,,,,,,,,,,,,,,,,,,,,,,,,,,,,,,,,,,,,,,,
1592771222000,,,,,,,,,,,,,,,,,,,,,,,,,,,,,,,,,,,,,,,,,,,,,,,,,,
1592771222500,,,,,,,,,,,,,,,,,,,,,,,,,,,,,,,,,,,,,,,,,,,,,,,,,,
1592771223000,,1848960,,,,,,,,,,,,,1927776,,,,,1949792,,,,,1904800,1897120,,,,,,,1899200,,,,1979424,,,,,,,,,,,,,
1592771223500,,,,,,,,,,,,,,,,,,,,,,,,,,,,,,,,,,,,,,,,,,,,,,,,,,
1592771224000,,,1940704,,,,,1995712,,1903072,,,,1926464,,,,,,,,,,,,,,,,,,,,,,,,,,1987680,,,,,,,,,,
1592771224500,,,,,,,,,,,,,,,,,,,,,,,,,,,,,,,,,,,,,,,,,,,,,,,,,,
1592771225000,,,,,1976960,,,,,,,,,,,,1958848,,,,,,,,,,,,,,,,,,,,,1934112,,,,,,,,,,,,
1592771225500,,,,,,,,,,,,,,,,,,,,,,,,,,,,,,,,,,,,,,,,,,,,,,,,,,
1592771226000,,,,,,,1896448,,,,,,,,,,,,1897664,,,,,,,,,,,,,,,,,,,,,,,,,,,,,,,
1592771226500,,,,,,,,,,,,,,,,,,,,,,,,,,,,,,,,,,,,,,,,,,,,,,,,,,
1592771227000,,,,,,,,,,,,,,,,,,,,,,,,,,,,,,,,,,,,,,,,,,,,,,,,,,
1592771227500,,,,,,,,,,,,,,,,,,,,,,,,,,,,,,,,,,,,,,,,,,,,,,,,,,
1592771228000,,,,,,,,,,,,,,,,,,,,,,,,,,,,,,,,,,,,,,,,,,,,,,,,,,
1592771228500,,,,,,,,,,,,,,,,,,,,,,,,,,,,,,,,,,,,,,,,,,,,,,,,,,
1592771229000,,,,,,,,,,,,1929216,,,,,,,,,1843968,,1918912,,,,,,,,,,,,,,,,1935680,,,1966080,,,,1856576,,,,
1592771229500,,,,,,,,,,,,,,,,,,,,,,,,,,,,,,,,,,,,,,,,,,,,,,,,,,
1592771230000,,,,,,,,,,,,,,,,,,,,,,,,,,,,,,,,,,,1932896,,,,,,,,,,,,,,1952640,
1592771230500,,,,,,,,,,,,,,,,,,,,,,,,,,,,,,,,,,,,,,,,,,,,,,,,,,
1592771231000,,,,,,,,,,,,,,,,,,,,,,1965632,,,,,,,,,,,,,,,,,,,,,,,,,,,,
1592771231500,,,,,,,,,,,,,,,,,,,,,,,,,,,,,,,,,,,,,,,,,,,,,,,,,,
1592771232000,,,,,,,,,,,1896864,,,,,,,,,,,,,,,,,,,,,,,,,1934656,,,,,,,,,,,,,,
1592771232500,,,,,,,,,,,,,,,,,,,,,,,,,,,,,,,,,,,,,,,,,,,,,,,,,,
1592771233000,,,,,1974624,,,,,,,,,,,,,,,,,,,,,,,,,,,1668192,,,,,,,,,,,,,,,,,,
1592771233500,,,,,,,,,,,,,,,,,,,,,,,,,,,,,,,,,,,,,,,,,,,,,,,,,,
1592771234000,,,,1889088,,,,,1898240,,,,1936256,,,,,,,,,,,1923296,,,,,1884096,,,,,,,,,,,,,,1919424,1921088,1902464,,1864896,1697600,,1840352
1592771234500,,,,,,,,,,,,,,,,,,,,,,,,,,,,,,,,,,,,,,,,,,,,,,,,,,
1592771235000,,,,,,,,,,,,,,,1911712,,,,,,,,,,1932672,,,,,,1982048,,1886016,,,,1939360,,,,,,,,,,,,,
1592771235500,,,,,,,,,,,,,,,,,,,,,,,,,,,,,,,,,,,,,,,,,,,,,,,,,,
1592771236000,,,1910912,,,,,,,,,,,1905952,,,,,,,,,,,,,,1952640,,,,,,1748704,,,,,,,,,,,,,,,,
1592771236500,,,,,,,,,,,,,,,,,,,,,,,,,,,,,,,,,,,,,,,,,,,,,,,,,,
1592771237000,,,,,,,,,,1867488,,,,,,,,1813568,,,,,,,,1914592,,,,,,,,,,,,,,,,,,,,,,,,
1592771237500,,,,,,,,,,,,,,,,,,,,,,,,,,,,,,,,,,,,,,,,,,,,,,,,,,
1592771238000,,,,,,,,,,,,,,,,,,,,,,,,,,,,,,,,,,,,,,1943200,,,,,,,,,,,,
1592771238500,,,,,,,,,,,,,,,,,,,,,,,,,,,,,,,,,,,,,,,,,,,,,,,,,,
1592771239000,1953024,1839872,,,,,1910240,,,,,,,,,1910016,,,1900480,,,,,,,,,,,,,,,,,,,,1920672,1993376,,,,,,,,,,
1592771239500,,,,,,,,,,,,,,,,,,,,,,,,,,,,,,,,,,,,,,,,,,,,,,,,,,
1592771240000,,,,,,1988960,,1995872,,,,1909984,,,,,1979424,,,1957408,1858976,,1924992,,,,,,,1944480,,,,,,,,,,,,1979296,,,,1872608,,,,
1592771240500,,,,,,,,,,,,,,,,,,,,,,,,,,,,,,,,,,,,,,,,,,,,,,,,,,
1592771241000,,,,,,,,,,,,,,,,,,,,,,,,,,,1966368,,,,,,,,1932640,,,,,,1885152,,,,,,,,,
1592771241500,,,,,,,,,,,,,,,,,,,,,,,,,,,,,,,,,,,,,,,,,,,,,,,,,,
1592771242000,,,,,,,,,,,,,,,,,,,,,,1991392,,,,,,,,,,,,,,,,,,,,,,,,,,,1955296,
1592771242500,,,,,,,,,,,,,,,,,,,,,,,,,,,,,,,,,,,,,,,,,,,,,,,,,,
1592771243000,,,,,,,,,,,1903904,,,,,,,,,,,,,,,,,,,,,,,,,1923136,,,,,,,,,,,,,,
1592771243500,,,,,,,,,,,,,,,,,,,,,,,,,,,,,,,,,,,,,,,,,,,,,,,,,,
1592771244000,,,,,,,,,,,,,,,,,,,,,,,,,,,,,1876000,,,1632448,,,,,,,,,,,,,1888864,,1793024,,,
1592771244500,,,,,,,,,,,,,,,,,,,,,,,,,,,,,,,,,,,,,,,,,,,,,,,,,,
1592771245000,,,,1879264,1974624,,,,1898240,,,,1933984,,,,,,,,,,,1948064,,,,,,,,,,,,,,,,,,,1913696,1914720,,,,1628960,,1893440
1592771245500,,,,,,,,,,,,,,,,,,,,,,,,,,,,,,,,,,,,,,,,,,,,,,,,,,
1592771246000,,,,,,,,,,,,,,,,,,,,,,,,,,,,,,,,,,,,,,,,,,,,,,,,,,
1592771246500,,,,,,,,,,,,,,,,,,,,,,,,,,,,,,,,,,,,,,,,,,,,,,,,,,
1592771247000,,,,,,,,,,,,,,,1897632,,,,,,,,,,,,,,,,,,,,,,1927296,,,,,,,,,,,,,
1592771247500,,,,,,,,,,,,,,,,,,,,,,,,,,,,,,,,,,,,,,,,,,,,,,,,,,
1592771248000,,,1934048,,,,,,,,,,,,,,,,,,,,,,1923136,,,,,,1982656,,1873856,,,,,,,,,,,,,,,,,
1592771248500,,,,,,,,,,,,,,,,,,,,,,,,,,,,,,,,,,,,,,,,,,,,,,,,,,
1592771249000,,,,,,,1905984,,,1856608,,,,1922528,,,,1813568,1895616,,,,,,,1914592,,1952640,,,,,,1744960,,,,1938080,1944192,,,,,,,,,,,
1592771249500,,,,,,,,,,,,,,,,,,,,,,,,,,,,,,,,,,,,,,,,,,,,,,,,,,
1592771250000,,1840032,,,,,,,,,,1908960,,,,1910944,,,,1987168,1854016,,1921024,,,,,,,,,,,,,,,,,1993376,,1974176,,,,1866176,,,,
1592771250500,,,,,,,,,,,,,,,,,,,,,,,,,,,,,,,,,,,,,,,,,,,,,,,,,,
1592771251000,,,,,,,,1996096,,,,,,,,,,,,,,,,,,,,,,,,,,,,,,,,,,,,,,,,,,
1592771251500,,,,,,,,,,,,,,,,,,,,,,,,,,,,,,,,,,,,,,,,,,,,,,,,,,
1592771252000,,,,,,,,,,,,,,,,,,,,,,,,,,,,,,,,,,,,1954432,,,,,,,,,,,,,,
1592771252500,,,,,,,,,,,,,,,,,,,,,,,,,,,,,,,,,,,,,,,,,,,,,,,,,,
1592771253000,1953248,,,,,,,,,,1923488,,,,,,1935168,,,,,,,,,,,,1909888,,,1680096,,,1932640,,,,,,,,,,,,1762624,,1957536,
1592771253500,,,,,,,,,,,,,,,,,,,,,,,,,,,,,,,,,,,,,,,,,,,,,,,,,,
1592771254000,,,1934976,1914240,,,,,,,,,1891040,1824224,1925600,,,,,,,,,1930784,1895232,,,,,,,,1845504,,,,1963104,,,,,,1941664,1944768,1905888,,,1658816,,1866560
1592771254500,,,,,,,,,,,,,,,,,,,,,,,,,,,,,,,,,,,,,,,,,,,,,,,,,,
1592771255000,,,,,1984832,,1920448,,1898080,1882592,,1880416,,,,,,,1882176,1965888,,,,,,,,1953088,,,1983232,,,,,,,,,,,1990400,,,,1853152,,,,
1592771255500,,,,,,,,,,,,,,,,,,,,,,,,,,,,,,,,,,,,,,,,,,,,,,,,,,
1592771256000,,,,,,,,,,,,,,,,,,,,,1865536,,1896768,,,,,,,,,,,,,,,1959712,,,,,,,,,,,,
1592771256500,,,,,,,,,,,,,,,,,,,,,,,,,,,,,,,,,,,,,,,,,,,,,,,,,,
1592771257000,,1841536,,,,,,,,,,,,,,,,1813568,,,,,,,,1914592,,,,1922496,,,,,,,,,1956256,,,,,,,,,,,
1592771257500,,,,,,,,,,,,,,,,,,,,,,,,,,,,,,,,,,,,,,,,,,,,,,,,,,
1592771258000,,,,,,1999008,,1996096,,,,,,,,,,,,,,,,,,,,,,,,,,1751616,,,,,,1993600,,,,,,,,,,
1592771258500,,,,,,,,,,,,,,,,,,,,,,,,,,,,,,,,,,,,,,,,,,,,,,,,,,
1592771259000,,,,,,,,,,,,,1877536,,,1912160,1935168,,,,,1970592,,,,,1987424,,1901568,,,1672416,,,1932864,1949120,,,,,1894336,,,,1898208,,1754048,,,
1592771259500,,,,,,,,,,,,,,,,,,,,,,,,,,,,,,,,,,,,,,,,,,,,,,,,,,
1592771260000,,,,1904704,,,,,,,,,,,,,,,,,,,,1926080,,,,,,,,,,,,,,,,,,,1932640,1935808,,,,1650560,,1856160
1592771260500,,,,,,,,,,,,,,,,,,,,,,,,,,,,,,,,,,,,,,,,,,,,,,,,,,
1592771261000,,,,,,,,,,,,,,,,,,,,,,,,,,,,,,,,,,,,,,,,,,,,,,,,,1957536,
1592771261500,,,,,,,,,,,,,,,,,,,,,,,,,,,,,,,,,,,,,,,,,,,,,,,,,,
1592771262000,,,,,,,,,,,1923488,,,,,,,,,,,,,,1886656,,,,,,,,,,,,,,,,,,,,,,,,,
1592771262500,,,,,,,,,,,,,,,,,,,,,,,,,,,,,,,,,,,,,,,,,,,,,,,,,,
1592771263000,,,,,,,,,,,,,,,1917504,,,,,,,,,,,,,,,,,,1832448,,,,1949024,,,,,,,,,,,,,
1592771263500,,,,,,,,,,,,,,,,,,,,,,,,,,,,,,,,,,,,,,,,,,,,,,,,,,
1592771264000,1953184,,1908800,,,,,,,1874048,,,,1844704,,,,,,,,,,,,,,,,,,,,,,,,,,,,,,,,,,,,
1592771264500,,,,,,,,,,,,,,,,,,,,,,,,,,,,,,,,,,,,,,,,,,,,,,,,,,
1592771265000,,,,,1984832,,1917888,,1898240,,,1924160,,,,,,,1878080,,,,,,,,,1952640,,,1983776,,,,,,,,,,,1985920,,,,1851520,,,,
1592771265500,,,,,,,,,,,,,,,,,,,,,,,,,,,,,,,,,,,,,,,,,,,,,,,,,,
1592771266000,,,,,,,,,,,,,,,,,,,,1964192,,,,,,,,,,,,,,,,,,,,,,,,,,,,,,
1592771266500,,,,,,,,,,,,,,,,,,,,,,,,,,,,,,,,,,,,,,,,,,,,,,,,,,
1592771267000,,,,,,,,,,,,,,,,,,,,,,,,,,,,,,,,,,,,,,,,,,,,,,,,,,
1592771267500,,,,,,,,,,,,,,,,,,,,,,,,,,,,,,,,,,,,,,,,,,,,,,,,,,
1592771268000,,,,,,,,,,,,,,,,,,,,,,,,,,,,,,,,,,,,,,,,,,,,,,,,,,
1592771268500,,,,,,,,,,,,,,,,,,,,,,,,,,,,,,,,,,,,,,,,,,,,,,,,,,
1592771269000,,,,,,,,,,,,,,,,,,,,,1861696,,,,,,,,,,,,,,,,,,,,,,,,,,,,,
1592771269500,,,,,,,,,,,,,,,,,,,,,,,,,,,,,,,,,,,,,,,,,,,,,,,,,,
1592771270000,,,,,,,,,,,,,,,,,,,,,,,1896384,,,,,,,,,,,,,,,,,,,,,,,,,,,
1592771270500,,,,,,,,,,,,,,,,,,,,,,,,,,,,,,,,,,,,,,,,,,,,,,,,,,
1592771271000,,,,,,,,,,,,,,,,,,,,,,,,,,,,,,,,,,,,,,1959936,,,,,,,,,,,,
1592771271500,,,,,,,,,,,,,,,,,,,,,,,,,,,,,,,,,,,,,,,,,,,,,,,,,,
1592771272000,,,,,,,,,,,,,,,,,,,,,,,,,,,,,,,,,,,,,,,,,,,,,,,,,,
1592771272500,,,,,,,,,,,,,,,,,,,,,,,,,,,,,,,,,,,,,,,,,,,,,,,,,,
1592771273000,,,,,,,,,,,,,,,,,,,,,,,,,,,,,,,,,,,,,,,,,,,,,,,,,,
1592771273500,,,,,,,,,,,,,,,,,,,,,,,,,,,,,,,,,,,,,,,,,,,,,,,,,,
1592771274000,,,,,,,,,,,,,,,,,,,,,,,,,,,,,,,,,,,,,,,,,,,,,,,,,,
1592771274500,,,,,,,,,,,,,,,,,,,,,,,,,,,,,,,,,,,,,,,,,,,,,,,,,,
1592771275000,,,,,,,,,,,,,,,,,,,,,,,,,,,,,,,,,,,,,,,,,,,,,,,,,,
1592771275500,,,,,,,,,,,,,,,,,,,,,,,,,,,,,,,,,,,,,,,,,,,,,,,,,,
1592771276000,,,,,,,,,,,,,,,,,,,,,,,,,,,,,,,,,,,,,,,,,,,,,,,,,,
1592771276500,,,,,,,,,,,,,,,,,,,,,,,,,,,,,,,,,,,,,,,,,,,,,,,,,,
1592771277000,,,,,,,,,,,,,,,,,,,,,,,,,,,,,,,,,,,,,,,,,,,,,,,,,,
1592771277500,,,,,,,,,,,,,,,,,,,,,,,,,,,,,,,,,,,,,,,,,,,,,,,,,,
1592771278000,,,,,,,,,,,,,,,,,,,,,,,,,,,,,,,,,,,,,,,,,,,,,,,,,,
1592771278500,,,,,,,,,,,,,,,,,,,,,,,,,,,,,,,,,,,,,,,,,,,,,,,,,,
1592771279000,,,,,,,,,,,,,,,,,,,,,,,,,,,,,,,,,,,,,,,,,,,,,,,,,,
1592771279500,,,,,,,,,,,,,,,,,,,,,,,,,,,,,,,,,,,,,,,,,,,,,,,,,,
1592771280000,,,,,,,,,,,,,,,,,,,,,,,,,,,,,,,,,,,,,,,,,,,,,,,,,,
1592771280500,,,,,,,,,,,,,,,,,,,,,,,,,,,,,,,,,,,,,,,,,,,,,,,,,,
1592771281000,,,,,,,,,,,,,,,,,,,,,,,,,,,,,,,,,,,,,,,,,,,,,,,,,,
1592771281500,,,,,,,,,,,,,,,,,,,,,,,,,,,,,,,,,,,,,,,,,,,,,,,,,,
1592771282000,,,,,,,,,,,,,,,,,,,,,,,,,,,,,,,,,,,,,,,,,,,,,,,,,,
1592771282500,,,,,,,,,,,,,,,,,,,,,,,,,,,,,,,,,,,,,,,,,,,,,,,,,,
1592771283000,,,,,,,,,,,,,,,,,,,,,,,,,,,,,,,,,,,,,,,,,,,,,,,,,,
1592771283500,,,,,,,,,,,,,,,,,,,,,,,,,,,,,,,,,,,,,,,,,,,,,,,,,,
1592771284000,,,,,,,,,,,,,,,,,,,,,,,,,,,,,,,,,,,,,,,,,,,,,,,,,,
1592771284500,,,,,,,,,,,,,,,,,,,,,,,,,,,,,,,,,,,,,,,,,,,,,,,,,,
1592771285000,,,,,,,,,,,,,,,,,,,,,,,,,,,,,,,,,,,,,,,,,,,,,,,,,,
1592771285500,,,,,,,,,,,,,,,,,,,,,,,,,,,,,,,,,,,,,,,,,,,,,,,,,,
1592771286000,,,,,,,,,,,,,,,,,,,,,,,,,,,,,,,,,,,,,,,,,,,,,,,,,,
1592771286500,,,,,,,,,,,,,,,,,,,,,,,,,,,,,,,,,,,,,,,,,,,,,,,,,,
1592771287000,,,,,,,,,,,,,,,,,,,,,,,,,,,,,,,,,,,,,,,,,,,,,,,,,,
1592771287500,,,,,,,,,,,,,,,,,,,,,,,,,,,,,,,,,,,,,,,,,,,,,,,,,,
1592771288000,,,,,,,,,,,,,,,,,,,,,,,,,,,,,,,,,,,,,,,,,,,,,,,,,,
1592771288500,,,,,,,,,,,,,,,,,,,,,,,,,,,,,,,,,,,,,,,,,,,,,,,,,,
1592771289000,,,,,,,,,,,,,,,,,,,,,,,,,,,,,,,,,,,,,,,,,,,,,,,,,,
1592771289500,,,,,,,,,,,,,,,,,,,,,,,,,,,,,,,,,,,,,,,,,,,,,,,,,,
1592771290000,,,,,,,,,,,,,,,,,,,,,,,,,,,,,,,,,,,,,,,,,,,,,,,,,,
1592771290500,,,,,,,,,,,,,,,,,,,,,,,,,,,,,,,,,,,,,,,,,,,,,,,,,,
1592771291000,,,,,,,,,,,,,,,,,,,,,,,,,,,,,,,,,,,,,,,,,,,,,,,,,,
1592771291500,,,,,,,,,,,,,,,,,,,,,,,,,,,,,,,,,,,,,,,,,,,,,,,,,,
1592771292000,,,,,,,,,,,,,,,,,,,,,,,,,,,,,,,,,,,,,,,,,,,,,,,,,,
1592771292500,,,,,,,,,,,,,,,,,,,,,,,,,,,,,,,,,,,,,,,,,,,,,,,,,,
1592771293000,,,,,,,,,,,,,,,,,,,,,,,,,,,,,,,,,,,,,,,,,,,,,,,,,,
1592771293500,,,,,,,,,,,,,,,,,,,,,,,,,,,,,,,,,,,,,,,,,,,,,,,,,,
1592771294000,,,,,,,,,,,,,,,,,,,,,,,,,,,,,,,,,,,,,,,,,,,,,,,,,,
1592771294500,,,,,,,,,,,,,,,,,,,,,,,,,,,,,,,,,,,,,,,,,,,,,,,,,,
1592771295000,,,,,,,,,,,,,,,,,,,,,,,,,,,,,,,,,,,,,,,,,,,,,,,,,,
1592771295500,,,,,,,,,,,,,,,,,,,,,,,,,,,,,,,,,,,,,,,,,,,,,,,,,,
1592771296000,,,,,,,,,,,,,,,,,,,,,,,,,,,,,,,,,,,,,,,,,,,,,,,,,,
1592771296500,,,,,,,,,,,,,,,,,,,,,,,,,,,,,,,,,,,,,,,,,,,,,,,,,,
1592771297000,,,,,,,,,,,,,,,,,,,,,,,,,,,,,,,,,,,,,,,,,,,,,,,,,,
1592771297500,,,,,,,,,,,,,,,,,,,,,,,,,,,,,,,,,,,,,,,,,,,,,,,,,,
1592771298000,,,,,,,,,,,,,,,,,,,,,,,,,,,,,,,,,,,,,,,,,,,,,,,,,,
1592771298500,,,,,,,,,,,,,,,,,,,,,,,,,,,,,,,,,,,,,,,,,,,,,,,,,,
1592771299000,,,,,,,,,,,,,,,,,,,,,,,,,,,,,,,,,,,,,,,,,,,,,,,,,,
1592771299500,,,,,,,,,,,,,,,,,,,,,,,,,,,,,,,,,,,,,,,,,,,,,,,,,,
1592771300000,,,,,,,,,,,,,,,,,,,,,,,,,,,,,,,,,,,,,,,,,,,,,,,,,,
1592771300500,,,,,,,,,,,,,,,,,,,,,,,,,,,,,,,,,,,,,,,,,,,,,,,,,,
1592771301000,,,,,,,,,,,,,,,,,,,,,,,,,,,,,,,,,,,,,,,,,,,,,,,,,,
1592771301500,,,,,,,,,,,,,,,,,,,,,,,,,,,,,,,,,,,,,,,,,,,,,,,,,,
1592771302000,,,,,,,,,,,,,,,,,,,,,,,,,,,,,,,,,,,,,,,,,,,,,,,,,,
1592771302500,,,,,,,,,,,,,,,,,,,,,,,,,,,,,,,,,,,,,,,,,,,,,,,,,,
1592771303000,,,,,,,,,,,,,,,,,,1769760,,,,,,,,,,,,,,,,,,,,,,,,,,,,,,,,
1592771303500,,,,,,,,,,,,,,,,,,,,,,,,,,,,,,,,,,,,,,,,,,,,,,,,,,
1592771304000,,,,,,,,,,,,,,,,,,,,,,,,,,,,,,,,,,,,,,,,,,,,,,,,,,
1592771304500,,,,,,,,,,,,,,,,,,,,,,,,,,,,,,,,,,,,,,,,,,,,,,,,,,
1592771305000,,,,,,,,,,,,,,,,,,,,,,,,,,,,,,,,,,,,,,,,,,,,,,,,,,
1592771305500,,,,,,,,,,,,,,,,,,,,,,,,,,,,,,,,,,,,,,,,,,,,,,,,,,
1592771306000,,,,,,,,,,,,,,,,,,,,,,,,,,,,,,,,,,,,,,,,,,,,,,,,,,
1592771306500,,,,,,,,,,,,,,,,,,,,,,,,,,,,,,,,,,,,,,,,,,,,,,,,,,
1592771307000,,,,,,,,,,,,,,,,,,,,,,,,,,,,,,,,,,,,,,,,,,,,,,,,,,
1592771307500,,,,,,,,,,,,,,,,,,,,,,,,,,,,,,,,,,,,,,,,,,,,,,,,,,
1592771308000,,,,,,,,,,,,,,,,,,,,,,,,,,,,,,,,,,,,,,,,,,,,,,,,,,
1592771308500,,,,,,,,,,,,,,,,,,,,,,,,,,,,,,,,,,,,,,,,,,,,,,,,,,
1592771309000,,,,,,,,,,,,,,,,,,,,,,1948576,,,,,,,,,,,,,,,,,,,,,,,,,,,,
1592771309500,,,,,,,,,,,,,,,,,,,,,,,,,,,,,,,,,,,,,,,,,,,,,,,,,,
1592771310000,,,,,,,,,,,,,,,,,,,,,,,,,,,,,,,,,,,,,,,,,,,,,,,,,,
1592771310500,,,,,,,,,,,,,,,,,,,,,,,,,,,,,,,,,,,,,,,,,,,,,,,,,,
1592771311000,,,,,,,,,,,,,,,,,,,,,,,,,,,,,,,,,,,,,,,,,,,,,,,,,,
1592771311500,,,,,,,,,,,,,,,,,,,,,,,,,,,,,,,,,,,,,,,,,,,,,,,,,,
1592771312000,,,,,,,,,,,,,,,,,,,,,,,,,,,,,,,,,,,,,,,,,,,,,,,,,,
1592771312500,,,,,,,,,,,,,,,,,,,,,,,,,,,,,,,,,,,,,,,,,,,,,,,,,,
1592771313000,,,,,,,,,,,,,,,,,,,,,,,,,,,,,,,,,,,,,,,,,,,,,,,,,,
1592771313500,,,,,,,,,,,,,,,,,,,,,,,,,,,,,,,,,,,,,,,,,,,,,,,,,,
1592771314000,,,,,,,,,,,,,,,,,,,,,,,,,,,,,,,,,,,,,,,,,,,,,,,,,,
1592771314500,,,,,,,,,,,,,,,,,,,,,,,,,,,,,,,,,,,,,,,,,,,,,,,,,,
1592771315000,,,,,,,,,,,,,,,,,,,,,,,,,,,,,,,,,,,,,,,,,,,,,,,,,,
1592771315500,,,,,,,,,,,,,,,,,,,,,,,,,,,,,,,,,,,,,,,,,,,,,,,,,,
1592771316000,,,,,,,,,,,,,,,,,,,,,,,,,,,,,,,,,,,,,,,,,,,,,,,,,,
1592771316500,,,,,,,,,,,,,,,,,,,,,,,,,,,,,,,,,,,,,,,,,,,,,,,,,,
1592771317000,,,,,,,,,,,,,,,,,,,,,,,,,,,,,,,,,,,,,,,,,,,,,,,,,,
1592771317500,,,,,,,,,,,,,,,,,,,,,,,,,,,,,,,,,,,,,,,,,,,,,,,,,,
1592771318000,,,,,,,,,,,,,,,,,,,,,,,,,,,,,,,,,,,,,,,,,,,,,,,,,,
1592771318500,,,,,,,,,,,,,,,,,,,,,,,,,,,,,,,,,,,,,,,,,,,,,,,,,,
1592771319000,,,,,,,,,,,,,,,,,,,,,,,,,,,,,,,,,,,,1946592,,,,,,,,,,,,,,
1592771319500,,,,,,,,,,,,,,,,,,,,,,,,,,,,,,,,,,,,,,,,,,,,,,,,,,
1592771320000,,1831488,,,,,,,,,1931872,,,,,,,,,,,,,,,,,,,,,,,,,,,,,,,,,,,,,,,
1592771320500,,,,,,,,,,,,,,,,,,,,,,,,,,,,,,,,,,,,,,,,,,,,,,,,,,
1592771321000,,,,,,,,,,,,,,,,,,,,,,,,,,,,,,,,,,,,,,,,,,,,,,,,,,
1592771321500,,,,,,,,,,,,,,,,,,,,,,,,,,,,,,,,,,,,,,,,,,,,,,,,,,
1592771322000,,,,,,,,,,,,,,,,,,,,,,,,,,,,,,,,,,,,,,,,,,,,,,,,,,
1592771322500,,,,,,,,,,,,,,,,,,,,,,,,,,,,,,,,,,,,,,,,,,,,,,,,,,
1592771323000,,,,1862688,,,,,,,,,,,,,,,,,,,,,,,,,,,,,,,,,,,,,,,,,,,,,,
1592771323500,,,,,,,,,,,,,,,,,,,,,,,,,,,,,,,,,,,,,,,,,,,,,,,,,,
1592771324000,,,,,,,,,,,,,,,,,,,,,,,,,,,,,,,,,,,,,,,,,,,,,,,,,,
1592771324500,,,,,,,,,,,,,,,,,,,,,,,,,,,,,,,,,,,,,,,,,,,,,,,,,,
1592771325000,,,,,,,,,,,,,,,,,,,,,,,,,,,,,,,,,,,,,,,,1988096,,,,,,,,,,
1592771325500,,,,,,,,,,,,,,,,,,,,,,,,,,,,,,,,,,,,,,,,,,,,,,,,,,
1592771326000,,,,,,,,,,,,,,,,,,,,,,,,,,,,,,,,,,,,,,,,,,,,,,,,,,
1592771326500,,,,,,,,,,,,,,,,,,,,,,,,,,,,,,,,,,,,,,,,,,,,,,,,,,
1592771327000,,,,,,,,,,,,,,,,,,,,,,,,,,,,,,,,,,,,,,,,,,,,,,,,,,
1592771327500,,,,,,,,,,,,,,,,,,,,,,,,,,,,,,,,,,,,,,,,,,,,,,,,,,
1592771328000,,,,1887200,,,,,,,,,,,,,,,,,,,,,,,,,,,,,,,,,,,,,,,,,,,,,,
1592771328500,,,,,,,,,,,,,,,,,,,,,,,,,,,,,,,,,,,,,,,,,,,,,,,,,,
1592771329000,,,,,,,,,,,,,,,,,,,,,,,,,,,,,,,,,,,,,,1946624,,,,,,,,,,,,
1592771329500,,,,,,,,,,,,,,,,,,,,,,,,,,,,,,,,,,,,,,,,,,,,,,,,,,
1592771330000,,,,,,,,,,,,,,,,,,,,,,,,1938400,,1903936,,,,,,,,,,,,,,,,,1923680,,1862912,,,,,
1592771330500,,,,,,,,,,,,,,,,,,,,,,,,,,,,,,,,,,,,,,,,,,,,,,,,,,
1592771331000,,,,,,,,,,,,,,,,,,,,,,,,,,,,,,,,,,,,,,,,,,,,1944608,,,,,,
1592771331500,,,,,,,,,,,,,,,,,,,,,,,,,,,,,,,,,,,,,,,,,,,,,,,,,,
1592771332000,,,,,,,,,,,,,,,,,,,,,,,,,,,,,,,,1532992,,,,,,,,,,,,,,,,,,
1592771332500,,,,,,,,,,,,,,,,,,,,,,,,,,,,,,,,,,,,,,,,,,,,,,,,,,
1592771333000,,,,,,,,,,,,,,,,,,,,,,,,,,,,,,,,,,,,,,,,,1862944,,,,,,,,,
1592771333500,,,,,,,,,,,,,,,,,,,,,,,,,,,,,,,,,,,,,,,,,,,,,,,,,,
1592771334000,,,,,,,,1982112,1892736,,,,,,,,,,,,,,,,,,1968192,,,,,,,,,,1929760,,1951104,,,,,,,,,,,
1592771334500,,,,,,,,,,,,,,,,,,,,,,,,,,,,,,,,,,,,,,,,,,,,,,,,,,
1592771335000,,,,,,,,,,,,,1901728,,,,,,,,,,,,,,,,,,,,,,,,,,,,,,,,,,,1594688,,
1592771335500,,,,,,,,,,,,,,,,,,,,,,,,,,,,,,,,,,,,,,,,,,,,,,,,,,
1592771336000,,,,,1963840,,,,,,,,,,1921728,,,,,,,,,,,,,,,,,,,1738848,,,,,,,,,,,,,,,,
1592771336500,,,,,,,,,,,,,,,,,,,,,,,,,,,,,,,,,,,,,,,,,,,,,,,,,,
1592771337000,,,,,,,,,,,,,,,,,1971136,1770400,,,,,,,1867808,,,,,,,,1785056,,,,,,,,,,,,,,1802912,,,
1592771337500,,,,,,,,,,,,,,,,,,,,,,,,,,,,,,,,,,,,,,,,,,,,,,,,,,
1592771338000,,,,,,,,,,,,,,,,,,,,,,,,,,,,,,,,,,,,,,,,,,,,,,,,,,
1592771338500,,,,,,,,,,,,,,,,,,,,,,,,,,,,,,,,,,,,,,,,,,,,,,,,,,
1592771339000,,,1844832,,,,,,,1882496,,,,,,,,,,,,,,,,,,,,,,,,,,,,,,,,,,,,,,,,
1592771339500,,,,,,,,,,,,,,,,,,,,,,,,,,,,,,,,,,,,,,,,,,,,,,,,,,
1592771340000,,,,,,,1894976,,,,1936352,,,,,,,,,1941792,,,,,,,,,,,1987296,,,,,1898560,,,,,,,,,,1816544,,,,1793920
1592771340500,,,,,,,,,,,,,,,,,,,,,,,,,,,,,,,,,,,,,,,,,,,,,,,,,,
1592771341000,1955776,1835712,,,,1984544,,,,,,1903008,,1796192,,1896928,,,1903680,,1844608,1917504,1911520,,,,,,1921248,1909440,,,,,1929056,,,,,1987456,,1938752,,,,,,,1951808,
1592771341500,,,,,,,,,,,,,,,,,,,,,,,,,,,,,,,,,,,,,,,,,,,,,,,,,,
1592771342000,,,,1878112,,,,,,,,,1902304,,1907008,,,,,,,,,1944416,,1906912,,1945344,,,,1564736,,,,,1913696,1946624,,,,,1938432,1929344,1899136,,,1575936,,
1592771342500,,,,,,,,,,,,,,,,,,,,,,,,,,,,,,,,,,,,,,,,,,,,,,,,,,
1592771343000,,,,,,,,,,,,,,,,,,,,,,,,,,,,,,,,,,,,,,,,,1862944,,,,,,,,,
1592771343500,,,,,,,,,,,,,,,,,,,,,,,,,,,,,,,,,,,,,,,,,,,,,,,,,,
1592771344000,,,,,,,,1982112,,,,,,,,,,,,,,,,,,,,,,,,,,,,,,,1951104,,,,,,,,,,,
1592771344500,,,,,,,,,,,,,,,,,,,,,,,,,,,,,,,,,,,,,,,,,,,,,,,,,,
1592771345000,,,,,,,,,1892736,,,,,,,,,,,,,,,,,,1968192,,,,,,,,,,,,,,,,,,,,,,,
1592771345500,,,,,,,,,,,,,,,,,,,,,,,,,,,,,,,,,,,,,,,,,,,,,,,,,,
1592771346000,,,,,,,,,,,,,,,,,,,,,,,,,,,,,,,,,,,,,,,,,,,,,,,,,,
1592771346500,,,,,,,,,,,,,,,,,,,,,,,,,,,,,,,,,,,,,,,,,,,,,,,,,,
1592771347000,,1835552,,,,1984544,,,,,,,,,1930944,1897760,,,,,,,,,,,,,,,,,1813152,,,,1945120,,,,,,,,,,1766496,1572480,1951872,
1592771347500,,,,,,,,,,,,,,,,,,,,,,,,,,,,,,,,,,,,,,,,,,,,,,,,,,
1592771348000,,,,,,,,,,,,,,,,,,,,,,,,,,,,1945184,1919264,,,,,,,,,,,,,,,,,,,,,
1592771348500,,,,,,,,,,,,,,,,,,,,,,,,,,,,,,,,,,,,,,,,,,,,,,,,,,
1592771349000,,,,,,,,,,1873280,,,,,,,,,,,,,,,,,,,,,,,,,,,,,,1988096,1862944,,,,,,,,,
1592771349500,,,,,,,,,,,,,,,,,,,,,,,,,,,,,,,,,,,,,,,,,,,,,,,,,,
1592771350000,,,,,,,,,,,,,,,,,,,,,,,,,,,,,,,,,,,,,,,,,,,,,,,,,,
1592771350500,,,,,,,,,,,,,,,,,,,,,,,,,,,,,,,,,,,,,,,,,,,,,,,,,,
1592771351000,,,,,,,,1982112,,,,,,,,,,,,,,,,,,1906912,,,,,,,,,,,,,,,,,,,,,,,,
1592771351500,,,,,,,,,,,,,,,,,,,,,,,,,,,,,,,,,,,,,,,,,,,,,,,,,,
1592771352000,1955776,,,,,,,,1892736,,,,1907168,,,,,,,,,,,,,,,,,,,1565376,,,,,,1946624,1951104,,,,,,,1826240,,,,1808768
1592771352500,,,,,,,,,,,,,,,,,,,,,,,,,,,,,,,,,,,,,,,,,,,,,,,,,,
1592771353000,,,,,,,1890624,,,,,1878912,,,,,,,,1933376,,,,,,,,,,,,,,,,,,,,,,,,,,,,,,
1592771353500,,,,,,,,,,,,,,,,,,,,,,,,,,,,,,,,,,,,,,,,,,,,,,,,,,
1592771354000,,,,,,,,,,,,,,,,,,1770400,,,,,,,1867648,,,,,,,,,,,,,,,,,,,,,,,,,
1592771354500,,,,,,,,,,,,,,,,,,,,,,,,,,,,,,,,,,,,,,,,,,,,,,,,,,
1592771355000,,,,,1963840,,,,,,,,,,,,1971296,,,,,,,,,,1968032,,,,,,,,,,,,,,,,,,,,,,,
1592771355500,,,,,,,,,,,,,,,,,,,,,,,,,,,,,,,,,,,,,,,,,,,,,,,,,,
1592771356000,,,,,,,,,,,,,,1744640,,,,,,,,,,,,,,,,,,,,,,,,,,,,,,,,,,,,
1592771356500,,,,,,,,,,,,,,,,,,,,,,,,,,,,,,,,,,,,,,,,,,,,,,,,,,
1592771357000,,,1844800,,,,,,,,,,,,,,,,,,,,1900896,,,,,,,1859520,,,,1738848,,,,,,,,1983936,,,,,,,,
1592771357500,,,,,,,,,,,,,,,,,,,,,,,,,,,,,,,,,,,,,,,,,,,,,,,,,,
1592771358000,,,,1838720,,,,,,,1936352,,,,,,,,1904320,,,1893568,,1938976,,,,,,,,,,,,1879360,,,,,,,1907680,,,,,,,
1592771358500,,,,,,,,,,,,,,,,,,,,,,,,,,,,,,,,,,,,,,,,,,,,,,,,,,
1592771359000,,,,,,,,,,,,,,,,,,,,,,,,,,,,,,,,,,,,,,,,,,,,1920128,1878496,,,,,
1592771359500,,,,,,,,,,,,,,,,,,,,,,,,,,,,,,,,,,,,,,,,,,,,,,,,,,
1592771360000,,,,,,,,,,,,,,,1914432,,,,,,1845024,,,,,,,,,,1987744,,,,1928768,,1931680,,,,,,,,,,,1560960,,
1592771360500,,,,,,,,,,,,,,,,,,,,,,,,,,,,,,,,,,,,,,,,,,,,,,,,,,
1592771361000,,,,,,1984544,,,,,,,,,,1896960,,,,,,,,,,,,,,,,,1804032,,,,,,,,,,,,,,1782400,,,
1592771361500,,,,,,,,,,,,,,,,,,,,,,,,,,,,,,,,,,,,,,,,,,,,,,,,,,
1592771362000,,1835712,,,,,,,,1887552,,,,,,,,,,,,,,,,,,1945344,1920864,,,,,,,,,,,1988096,,,,,,,,,1950240,1799488
1592771362500,,,,,,,,,,,,,,,,,,,,,,,,,,,,,,,,,,,,,,,,,,,,,,,,,,
1592771363000,,,,,,,,1982112,,,,,,,,,,,,,,,,,,1906912,,,,,,,,,,,,,,,1862784,,,,,1848704,,,,
1592771363500,,,,,,,,,,,,,,,,,,,,,,,,,,,,,,,,,,,,,,,,,,,,,,,,,,
1592771364000,,,,,,,,,,,,,,,,,,,,,,,,,,,,,,,,,,,,,,,,,,,,,,,,,,

